Workbook

Sheet Опр этажности
A1: Кадастровый номер | B1: Назначение | C1: Количество этажей | D1: В том числе подземных этажей | E1: Этажность | F1: Этажность источник | G1: датапакета | H1: Статус расчета КС | I1: LocFloor1 | J1: UndegraundLF1 | K1: LocFloorP | L1: Метод | M1: Равенство с пред значением | N1: LocFloors | O1: LocFloorP1 | P1: Sourcelocfloors2 | Q1: FlagLocFloors | R1: Sourcelocfloors | S1: OldLocfloors
A2: CADASTRALNUMBER | B2: ASSIGNATIONBUILDING | C2: FLOORS | D2: FLOORSUNDERGROUND | E2: LOCFLOORS | F2: SOURCELOCFLOORS | G2: inputpacket_id | H2: Status_KC
A3: Buildings | B3: Buildings | C3: Buildings | D3: Buildings | E3: Buildings | F3: Buildings | G3: Buildings | H3: Buildings
A4: 66:01:3601001:538 | B4: Жилой дом | C4: 1 | E4: 1 | F4: Значение определено ГБУ СО ЦГКО (допущение по среднему значению для года постройки по кад. Кварталу, материалу, назначению по данным на 01.02.2018) | G4: 24.12.2022 | H4: НЕ ГОТОВ | I4: =IFERROR(VLOOKUP(C4,'Справочник соответствий'!A$2:D$2981,2,FALSE),IF(VALUE(C4)=0,1,VLOOKUP(C4,'Справочник соответствий'!A$2:D$2981,2,FALSE))) -> 1 | J4: =IFERROR(VLOOKUP(D4,'Справочник соответствий'!A$2:D$2981,2,FALSE),IF(VALUE(D4)=0,0,VLOOKUP(D4,'Справочник соответствий'!A$2:D$2981,2,FALSE))) -> 0 | K4: =IF(B4="Многоквартирный дом",IF(I4-J4>0,I4-J4,1),I4) -> 1 | L4: =IFERROR(VLOOKUP(C4,'Справочник соответствий'!A$2:D$2981,3,FALSE),IF(VALUE(C4)=0,"ЭТАЖ НЕ ОПРЕДЕЛЕН. ПРИНЯТ ПО ДОПУЩЕНИЮ 1",VLOOKUP(C4,'Справочник соответствий'!A$2:D$2981,3,FALSE))) -> ЭТАЖ ЗАДАН ЧИСЛОМ | M4: =I4=E4 -> FALSE | N4: =IF(VALUE(E4)=0,VALUE(K4),IF(L4="ЭТАЖ НЕ ОПРЕДЕЛЕН. ПРИНЯТ ПО ДОПУЩЕНИЮ 1",VALUE(E4),VALUE(K4))) -> 1 | O4: =IF(VALUE(E4)=0,L4,IF(L4="ЭТАЖ НЕ ОПРЕДЕЛЕН. ПРИНЯТ ПО ДОПУЩЕНИЮ 1",F4,L4)) -> ЭТАЖ ЗАДАН ЧИСЛОМ | P4: =IF(B4="Многоквартирный дом",CONCATENATE("МКД_",O4),O4) -> ЭТАЖ ЗАДАН ЧИСЛОМ | Q4: =IFERROR(IF(N4>0,IF(N4=VALUE(E4),"ГОТОВ","ГОТОВ_ИЗМЕНЕН"),"НЕ ГОТОВ"),"НЕ ГОТОВ") -> ГОТОВ | R4: =IFERROR(VLOOKUP(P4,Лист1!A$1:B$20,2,FALSE),0) -> 784 | S4: =VALUE(E4) -> 1
A5: 66:48:0317001:1961 | B5: Нежилое здание | C5: 1 | E5: 1 | F5: Значение определено ГБУ СО ЦГКО (допущение по среднему значению для года постройки по кад. Кварталу, материалу, назначению по данным на 01.02.2018) | G5: 22.02.2023 | H5: НЕ ГОТОВ | I5: =IFERROR(VLOOKUP(C5,'Справочник соответствий'!A$2:D$2981,2,FALSE),IF(VALUE(C5)=0,1,VLOOKUP(C5,'Справочник соответствий'!A$2:D$2981,2,FALSE))) -> 1 | J5: =IFERROR(VLOOKUP(D5,'Справочник соответствий'!A$2:D$2981,2,FALSE),IF(VALUE(D5)=0,0,VLOOKUP(D5,'Справочник соответствий'!A$2:D$2981,2,FALSE))) -> 0 | K5: =IF(B5="Многоквартирный дом",IF(I5-J5>0,I5-J5,1),I5) -> 1 | L5: =IFERROR(VLOOKUP(C5,'Справочник соответствий'!A$2:D$2981,3,FALSE),IF(VALUE(C5)=0,"ЭТАЖ НЕ ОПРЕДЕЛЕН. ПРИНЯТ ПО ДОПУЩЕНИЮ 1",VLOOKUP(C5,'Справочник соответствий'!A$2:D$2981,3,FALSE))) -> ЭТАЖ ЗАДАН ЧИСЛОМ | M5: =I5=E5 -> FALSE | N5: =IF(VALUE(E5)=0,VALUE(K5),IF(L5="ЭТАЖ НЕ ОПРЕДЕЛЕН. ПРИНЯТ ПО ДОПУЩЕНИЮ 1",VALUE(E5),VALUE(K5))) -> 1 | O5: =IF(VALUE(E5)=0,L5,IF(L5="ЭТАЖ НЕ ОПРЕДЕЛЕН. ПРИНЯТ ПО ДОПУЩЕНИЮ 1",F5,L5)) -> ЭТАЖ ЗАДАН ЧИСЛОМ | P5: =IF(B5="Многоквартирный дом",CONCATENATE("МКД_",O5),O5) -> ЭТАЖ ЗАДАН ЧИСЛОМ | Q5: =IFERROR(IF(N5>0,IF(N5=VALUE(E5),"ГОТОВ","ГОТОВ_ИЗМЕНЕН"),"НЕ ГОТОВ"),"НЕ ГОТОВ") -> ГОТОВ | R5: =IFERROR(VLOOKUP(P5,Лист1!A$1:B$20,2,FALSE),0) -> 784 | S5: =VALUE(E5) -> 1
A6: 66:28:2901014:144 | B6: Жилой дом | C6: 1 | E6: 1 | F6: Значение определено ГБУ СО ЦГКО (допущение по среднему значению для года постройки по кад. Кварталу, материалу, назначению по данным на 01.02.2018) | G6: 24.12.2022 | H6: НЕ ГОТОВ | I6: =IFERROR(VLOOKUP(C6,'Справочник соответствий'!A$2:D$2981,2,FALSE),IF(VALUE(C6)=0,1,VLOOKUP(C6,'Справочник соответствий'!A$2:D$2981,2,FALSE))) -> 1 | J6: =IFERROR(VLOOKUP(D6,'Справочник соответствий'!A$2:D$2981,2,FALSE),IF(VALUE(D6)=0,0,VLOOKUP(D6,'Справочник соответствий'!A$2:D$2981,2,FALSE))) -> 0 | K6: =IF(B6="Многоквартирный дом",IF(I6-J6>0,I6-J6,1),I6) -> 1 | L6: =IFERROR(VLOOKUP(C6,'Справочник соответствий'!A$2:D$2981,3,FALSE),IF(VALUE(C6)=0,"ЭТАЖ НЕ ОПРЕДЕЛЕН. ПРИНЯТ ПО ДОПУЩЕНИЮ 1",VLOOKUP(C6,'Справочник соответствий'!A$2:D$2981,3,FALSE))) -> ЭТАЖ ЗАДАН ЧИСЛОМ | M6: =I6=E6 -> FALSE | N6: =IF(VALUE(E6)=0,VALUE(K6),IF(L6="ЭТАЖ НЕ ОПРЕДЕЛЕН. ПРИНЯТ ПО ДОПУЩЕНИЮ 1",VALUE(E6),VALUE(K6))) -> 1 | O6: =IF(VALUE(E6)=0,L6,IF(L6="ЭТАЖ НЕ ОПРЕДЕЛЕН. ПРИНЯТ ПО ДОПУЩЕНИЮ 1",F6,L6)) -> ЭТАЖ ЗАДАН ЧИСЛОМ | P6: =IF(B6="Многоквартирный дом",CONCATENATE("МКД_",O6),O6) -> ЭТАЖ ЗАДАН ЧИСЛОМ | Q6: =IFERROR(IF(N6>0,IF(N6=VALUE(E6),"ГОТОВ","ГОТОВ_ИЗМЕНЕН"),"НЕ ГОТОВ"),"НЕ ГОТОВ") -> ГОТОВ | R6: =IFERROR(VLOOKUP(P6,Лист1!A$1:B$20,2,FALSE),0) -> 784 | S6: =VALUE(E6) -> 1
A7: 66:52:0107001:667 | B7: Нежилое здание | C7: 1 | E7: 1 | F7: Значение определено ГБУ СО ЦГКО (допущение по среднему значению для года постройки по кад. Кварталу, материалу, назначению по данным на 01.02.2018) | G7: 26.01.2023 | H7: НЕ ГОТОВ | I7: =IFERROR(VLOOKUP(C7,'Справочник соответствий'!A$2:D$2981,2,FALSE),IF(VALUE(C7)=0,1,VLOOKUP(C7,'Справочник соответствий'!A$2:D$2981,2,FALSE))) -> 1 | J7: =IFERROR(VLOOKUP(D7,'Справочник соответствий'!A$2:D$2981,2,FALSE),IF(VALUE(D7)=0,0,VLOOKUP(D7,'Справочник соответствий'!A$2:D$2981,2,FALSE))) -> 0 | K7: =IF(B7="Многоквартирный дом",IF(I7-J7>0,I7-J7,1),I7) -> 1 | L7: =IFERROR(VLOOKUP(C7,'Справочник соответствий'!A$2:D$2981,3,FALSE),IF(VALUE(C7)=0,"ЭТАЖ НЕ ОПРЕДЕЛЕН. ПРИНЯТ ПО ДОПУЩЕНИЮ 1",VLOOKUP(C7,'Справочник соответствий'!A$2:D$2981,3,FALSE))) -> ЭТАЖ ЗАДАН ЧИСЛОМ | M7: =I7=E7 -> FALSE | N7: =IF(VALUE(E7)=0,VALUE(K7),IF(L7="ЭТАЖ НЕ ОПРЕДЕЛЕН. ПРИНЯТ ПО ДОПУЩЕНИЮ 1",VALUE(E7),VALUE(K7))) -> 1 | O7: =IF(VALUE(E7)=0,L7,IF(L7="ЭТАЖ НЕ ОПРЕДЕЛЕН. ПРИНЯТ ПО ДОПУЩЕНИЮ 1",F7,L7)) -> ЭТАЖ ЗАДАН ЧИСЛОМ | P7: =IF(B7="Многоквартирный дом",CONCATENATE("МКД_",O7),O7) -> ЭТАЖ ЗАДАН ЧИСЛОМ | Q7: =IFERROR(IF(N7>0,IF(N7=VALUE(E7),"ГОТОВ","ГОТОВ_ИЗМЕНЕН"),"НЕ ГОТОВ"),"НЕ ГОТОВ") -> ГОТОВ | R7: =IFERROR(VLOOKUP(P7,Лист1!A$1:B$20,2,FALSE),0) -> 784 | S7: =VALUE(E7) -> 1
A8: 66:52:0107005:709 | B8: Жилой дом | C8: 1 | E8: 1 | F8: Значение определено ГБУ СО ЦГКО (допущение по среднему значению для года постройки по кад. Кварталу, материалу, назначению по данным на 01.02.2018) | G8: 19.01.2023 | H8: НЕ ГОТОВ | I8: =IFERROR(VLOOKUP(C8,'Справочник соответствий'!A$2:D$2981,2,FALSE),IF(VALUE(C8)=0,1,VLOOKUP(C8,'Справочник соответствий'!A$2:D$2981,2,FALSE))) -> 1 | J8: =IFERROR(VLOOKUP(D8,'Справочник соответствий'!A$2:D$2981,2,FALSE),IF(VALUE(D8)=0,0,VLOOKUP(D8,'Справочник соответствий'!A$2:D$2981,2,FALSE))) -> 0 | K8: =IF(B8="Многоквартирный дом",IF(I8-J8>0,I8-J8,1),I8) -> 1 | L8: =IFERROR(VLOOKUP(C8,'Справочник соответствий'!A$2:D$2981,3,FALSE),IF(VALUE(C8)=0,"ЭТАЖ НЕ ОПРЕДЕЛЕН. ПРИНЯТ ПО ДОПУЩЕНИЮ 1",VLOOKUP(C8,'Справочник соответствий'!A$2:D$2981,3,FALSE))) -> ЭТАЖ ЗАДАН ЧИСЛОМ | M8: =I8=E8 -> FALSE | N8: =IF(VALUE(E8)=0,VALUE(K8),IF(L8="ЭТАЖ НЕ ОПРЕДЕЛЕН. ПРИНЯТ ПО ДОПУЩЕНИЮ 1",VALUE(E8),VALUE(K8))) -> 1 | O8: =IF(VALUE(E8)=0,L8,IF(L8="ЭТАЖ НЕ ОПРЕДЕЛЕН. ПРИНЯТ ПО ДОПУЩЕНИЮ 1",F8,L8)) -> ЭТАЖ ЗАДАН ЧИСЛОМ | P8: =IF(B8="Многоквартирный дом",CONCATENATE("МКД_",O8),O8) -> ЭТАЖ ЗАДАН ЧИСЛОМ | Q8: =IFERROR(IF(N8>0,IF(N8=VALUE(E8),"ГОТОВ","ГОТОВ_ИЗМЕНЕН"),"НЕ ГОТОВ"),"НЕ ГОТОВ") -> ГОТОВ | R8: =IFERROR(VLOOKUP(P8,Лист1!A$1:B$20,2,FALSE),0) -> 784 | S8: =VALUE(E8) -> 1
A9: 66:14:3401006:762 | B9: Жилой дом | C9: 1 | E9: 1 | F9: Значение определено ГБУ СО ЦГКО (допущение по среднему значению для года постройки по кад. Кварталу, материалу, назначению по данным на 01.02.2018) | G9: 26.01.2023 | H9: НЕ ГОТОВ | I9: =IFERROR(VLOOKUP(C9,'Справочник соответствий'!A$2:D$2981,2,FALSE),IF(VALUE(C9)=0,1,VLOOKUP(C9,'Справочник соответствий'!A$2:D$2981,2,FALSE))) -> 1 | J9: =IFERROR(VLOOKUP(D9,'Справочник соответствий'!A$2:D$2981,2,FALSE),IF(VALUE(D9)=0,0,VLOOKUP(D9,'Справочник соответствий'!A$2:D$2981,2,FALSE))) -> 0 | K9: =IF(B9="Многоквартирный дом",IF(I9-J9>0,I9-J9,1),I9) -> 1 | L9: =IFERROR(VLOOKUP(C9,'Справочник соответствий'!A$2:D$2981,3,FALSE),IF(VALUE(C9)=0,"ЭТАЖ НЕ ОПРЕДЕЛЕН. ПРИНЯТ ПО ДОПУЩЕНИЮ 1",VLOOKUP(C9,'Справочник соответствий'!A$2:D$2981,3,FALSE))) -> ЭТАЖ ЗАДАН ЧИСЛОМ | M9: =I9=E9 -> FALSE | N9: =IF(VALUE(E9)=0,VALUE(K9),IF(L9="ЭТАЖ НЕ ОПРЕДЕЛЕН. ПРИНЯТ ПО ДОПУЩЕНИЮ 1",VALUE(E9),VALUE(K9))) -> 1 | O9: =IF(VALUE(E9)=0,L9,IF(L9="ЭТАЖ НЕ ОПРЕДЕЛЕН. ПРИНЯТ ПО ДОПУЩЕНИЮ 1",F9,L9)) -> ЭТАЖ ЗАДАН ЧИСЛОМ | P9: =IF(B9="Многоквартирный дом",CONCATENATE("МКД_",O9),O9) -> ЭТАЖ ЗАДАН ЧИСЛОМ | Q9: =IFERROR(IF(N9>0,IF(N9=VALUE(E9),"ГОТОВ","ГОТОВ_ИЗМЕНЕН"),"НЕ ГОТОВ"),"НЕ ГОТОВ") -> ГОТОВ | R9: =IFERROR(VLOOKUP(P9,Лист1!A$1:B$20,2,FALSE),0) -> 784 | S9: =VALUE(E9) -> 1
A10: 66:52:0104019:140 | B10: Жилой дом | C10: 1 | D10: 0 | E10: 1 | F10: Значение определено ГБУ СО ЦГКО (допущение по среднему значению для года постройки по кад. Кварталу, материалу, назначению по данным на 01.02.2018) | G10: 31.01.2023 | H10: НЕ ГОТОВ | I10: =IFERROR(VLOOKUP(C10,'Справочник соответствий'!A$2:D$2981,2,FALSE),IF(VALUE(C10)=0,1,VLOOKUP(C10,'Справочник соответствий'!A$2:D$2981,2,FALSE))) -> 1 | J10: =IFERROR(VLOOKUP(D10,'Справочник соответствий'!A$2:D$2981,2,FALSE),IF(VALUE(D10)=0,0,VLOOKUP(D10,'Справочник соответствий'!A$2:D$2981,2,FALSE))) -> 1 | K10: =IF(B10="Многоквартирный дом",IF(I10-J10>0,I10-J10,1),I10) -> 1 | L10: =IFERROR(VLOOKUP(C10,'Справочник соответствий'!A$2:D$2981,3,FALSE),IF(VALUE(C10)=0,"ЭТАЖ НЕ ОПРЕДЕЛЕН. ПРИНЯТ ПО ДОПУЩЕНИЮ 1",VLOOKUP(C10,'Справочник соответствий'!A$2:D$2981,3,FALSE))) -> ЭТАЖ ЗАДАН ЧИСЛОМ | M10: =I10=E10 -> FALSE | N10: =IF(VALUE(E10)=0,VALUE(K10),IF(L10="ЭТАЖ НЕ ОПРЕДЕЛЕН. ПРИНЯТ ПО ДОПУЩЕНИЮ 1",VALUE(E10),VALUE(K10))) -> 1 | O10: =IF(VALUE(E10)=0,L10,IF(L10="ЭТАЖ НЕ ОПРЕДЕЛЕН. ПРИНЯТ ПО ДОПУЩЕНИЮ 1",F10,L10)) -> ЭТАЖ ЗАДАН ЧИСЛОМ | P10: =IF(B10="Многоквартирный дом",CONCATENATE("МКД_",O10),O10) -> ЭТАЖ ЗАДАН ЧИСЛОМ | Q10: =IFERROR(IF(N10>0,IF(N10=VALUE(E10),"ГОТОВ","ГОТОВ_ИЗМЕНЕН"),"НЕ ГОТОВ"),"НЕ ГОТОВ") -> ГОТОВ | R10: =IFERROR(VLOOKUP(P10,Лист1!A$1:B$20,2,FALSE),0) -> 784 | S10: =VALUE(E10) -> 1
A11: 66:07:1002009:244 | B11: Многоквартирный дом | C11: 5 | E11: 5 | F11: Министерство энергетики | G11: 28.12.2022 | H11: НЕ ГОТОВ | I11: =IFERROR(VLOOKUP(C11,'Справочник соответствий'!A$2:D$2981,2,FALSE),IF(VALUE(C11)=0,1,VLOOKUP(C11,'Справочник соответствий'!A$2:D$2981,2,FALSE))) -> 5 | J11: =IFERROR(VLOOKUP(D11,'Справочник соответствий'!A$2:D$2981,2,FALSE),IF(VALUE(D11)=0,0,VLOOKUP(D11,'Справочник соответствий'!A$2:D$2981,2,FALSE))) -> 0 | K11: =IF(B11="Многоквартирный дом",IF(I11-J11>0,I11-J11,1),I11) -> 5 | L11: =IFERROR(VLOOKUP(C11,'Справочник соответствий'!A$2:D$2981,3,FALSE),IF(VALUE(C11)=0,"ЭТАЖ НЕ ОПРЕДЕЛЕН. ПРИНЯТ ПО ДОПУЩЕНИЮ 1",VLOOKUP(C11,'Справочник соответствий'!A$2:D$2981,3,FALSE))) -> ЭТАЖ ЗАДАН ЧИСЛОМ | M11: =I11=E11 -> FALSE | N11: =IF(VALUE(E11)=0,VALUE(K11),IF(L11="ЭТАЖ НЕ ОПРЕДЕЛЕН. ПРИНЯТ ПО ДОПУЩЕНИЮ 1",VALUE(E11),VALUE(K11))) -> 5 | O11: =IF(VALUE(E11)=0,L11,IF(L11="ЭТАЖ НЕ ОПРЕДЕЛЕН. ПРИНЯТ ПО ДОПУЩЕНИЮ 1",F11,L11)) -> ЭТАЖ ЗАДАН ЧИСЛОМ | P11: =IF(B11="Многоквартирный дом",CONCATENATE("МКД_",O11),O11) -> МКД_ЭТАЖ ЗАДАН ЧИСЛОМ | Q11: =IFERROR(IF(N11>0,IF(N11=VALUE(E11),"ГОТОВ","ГОТОВ_ИЗМЕНЕН"),"НЕ ГОТОВ"),"НЕ ГОТОВ") -> ГОТОВ | R11: =IFERROR(VLOOKUP(P11,Лист1!A$1:B$20,2,FALSE),0) -> 786 | S11: =VALUE(E11) -> 5
A12: 66:36:1301014:372 | B12: Жилой дом | C12: 1 | E12: 1 | F12: Значение определено ГБУ СО ЦГКО (допущение по среднему значению для года постройки по кад. Кварталу, материалу, назначению по данным на 01.02.2018) | G12: 09.01.2023 | H12: НЕ ГОТОВ | I12: =IFERROR(VLOOKUP(C12,'Справочник соответствий'!A$2:D$2981,2,FALSE),IF(VALUE(C12)=0,1,VLOOKUP(C12,'Справочник соответствий'!A$2:D$2981,2,FALSE))) -> 1 | J12: =IFERROR(VLOOKUP(D12,'Справочник соответствий'!A$2:D$2981,2,FALSE),IF(VALUE(D12)=0,0,VLOOKUP(D12,'Справочник соответствий'!A$2:D$2981,2,FALSE))) -> 0 | K12: =IF(B12="Многоквартирный дом",IF(I12-J12>0,I12-J12,1),I12) -> 1 | L12: =IFERROR(VLOOKUP(C12,'Справочник соответствий'!A$2:D$2981,3,FALSE),IF(VALUE(C12)=0,"ЭТАЖ НЕ ОПРЕДЕЛЕН. ПРИНЯТ ПО ДОПУЩЕНИЮ 1",VLOOKUP(C12,'Справочник соответствий'!A$2:D$2981,3,FALSE))) -> ЭТАЖ ЗАДАН ЧИСЛОМ | M12: =I12=E12 -> FALSE | N12: =IF(VALUE(E12)=0,VALUE(K12),IF(L12="ЭТАЖ НЕ ОПРЕДЕЛЕН. ПРИНЯТ ПО ДОПУЩЕНИЮ 1",VALUE(E12),VALUE(K12))) -> 1 | O12: =IF(VALUE(E12)=0,L12,IF(L12="ЭТАЖ НЕ ОПРЕДЕЛЕН. ПРИНЯТ ПО ДОПУЩЕНИЮ 1",F12,L12)) -> ЭТАЖ ЗАДАН ЧИСЛОМ | P12: =IF(B12="Многоквартирный дом",CONCATENATE("МКД_",O12),O12) -> ЭТАЖ ЗАДАН ЧИСЛОМ | Q12: =IFERROR(IF(N12>0,IF(N12=VALUE(E12),"ГОТОВ","ГОТОВ_ИЗМЕНЕН"),"НЕ ГОТОВ"),"НЕ ГОТОВ") -> ГОТОВ | R12: =IFERROR(VLOOKUP(P12,Лист1!A$1:B$20,2,FALSE),0) -> 784 | S12: =VALUE(E12) -> 1
A13: 66:04:1301001:229 | B13: Нежилое здание | C13: 1 | E13: 1 | F13: Значение определено ГБУ СО ЦГКО (допущение по среднему значению для года постройки по кад. Кварталу, материалу, назначению по данным на 01.02.2018) | G13: 31.01.2023 | H13: НЕ ГОТОВ | I13: =IFERROR(VLOOKUP(C13,'Справочник соответствий'!A$2:D$2981,2,FALSE),IF(VALUE(C13)=0,1,VLOOKUP(C13,'Справочник соответствий'!A$2:D$2981,2,FALSE))) -> 1 | J13: =IFERROR(VLOOKUP(D13,'Справочник соответствий'!A$2:D$2981,2,FALSE),IF(VALUE(D13)=0,0,VLOOKUP(D13,'Справочник соответствий'!A$2:D$2981,2,FALSE))) -> 0 | K13: =IF(B13="Многоквартирный дом",IF(I13-J13>0,I13-J13,1),I13) -> 1 | L13: =IFERROR(VLOOKUP(C13,'Справочник соответствий'!A$2:D$2981,3,FALSE),IF(VALUE(C13)=0,"ЭТАЖ НЕ ОПРЕДЕЛЕН. ПРИНЯТ ПО ДОПУЩЕНИЮ 1",VLOOKUP(C13,'Справочник соответствий'!A$2:D$2981,3,FALSE))) -> ЭТАЖ ЗАДАН ЧИСЛОМ | M13: =I13=E13 -> FALSE | N13: =IF(VALUE(E13)=0,VALUE(K13),IF(L13="ЭТАЖ НЕ ОПРЕДЕЛЕН. ПРИНЯТ ПО ДОПУЩЕНИЮ 1",VALUE(E13),VALUE(K13))) -> 1 | O13: =IF(VALUE(E13)=0,L13,IF(L13="ЭТАЖ НЕ ОПРЕДЕЛЕН. ПРИНЯТ ПО ДОПУЩЕНИЮ 1",F13,L13)) -> ЭТАЖ ЗАДАН ЧИСЛОМ | P13: =IF(B13="Многоквартирный дом",CONCATENATE("МКД_",O13),O13) -> ЭТАЖ ЗАДАН ЧИСЛОМ | Q13: =IFERROR(IF(N13>0,IF(N13=VALUE(E13),"ГОТОВ","ГОТОВ_ИЗМЕНЕН"),"НЕ ГОТОВ"),"НЕ ГОТОВ") -> ГОТОВ | R13: =IFERROR(VLOOKUP(P13,Лист1!A$1:B$20,2,FALSE),0) -> 784 | S13: =VALUE(E13) -> 1
A14: 66:22:0508003:245 | B14: Жилой дом | C14: 1 | E14: 1 | F14: Значение определено ГБУ СО ЦГКО (допущение по среднему значению для года постройки по кад. Кварталу, материалу, назначению по данным на 01.02.2018) | G14: 30.01.2023 | H14: НЕ ГОТОВ | I14: =IFERROR(VLOOKUP(C14,'Справочник соответствий'!A$2:D$2981,2,FALSE),IF(VALUE(C14)=0,1,VLOOKUP(C14,'Справочник соответствий'!A$2:D$2981,2,FALSE))) -> 1 | J14: =IFERROR(VLOOKUP(D14,'Справочник соответствий'!A$2:D$2981,2,FALSE),IF(VALUE(D14)=0,0,VLOOKUP(D14,'Справочник соответствий'!A$2:D$2981,2,FALSE))) -> 0 | K14: =IF(B14="Многоквартирный дом",IF(I14-J14>0,I14-J14,1),I14) -> 1 | L14: =IFERROR(VLOOKUP(C14,'Справочник соответствий'!A$2:D$2981,3,FALSE),IF(VALUE(C14)=0,"ЭТАЖ НЕ ОПРЕДЕЛЕН. ПРИНЯТ ПО ДОПУЩЕНИЮ 1",VLOOKUP(C14,'Справочник соответствий'!A$2:D$2981,3,FALSE))) -> ЭТАЖ ЗАДАН ЧИСЛОМ | M14: =I14=E14 -> FALSE | N14: =IF(VALUE(E14)=0,VALUE(K14),IF(L14="ЭТАЖ НЕ ОПРЕДЕЛЕН. ПРИНЯТ ПО ДОПУЩЕНИЮ 1",VALUE(E14),VALUE(K14))) -> 1 | O14: =IF(VALUE(E14)=0,L14,IF(L14="ЭТАЖ НЕ ОПРЕДЕЛЕН. ПРИНЯТ ПО ДОПУЩЕНИЮ 1",F14,L14)) -> ЭТАЖ ЗАДАН ЧИСЛОМ | P14: =IF(B14="Многоквартирный дом",CONCATENATE("МКД_",O14),O14) -> ЭТАЖ ЗАДАН ЧИСЛОМ | Q14: =IFERROR(IF(N14>0,IF(N14=VALUE(E14),"ГОТОВ","ГОТОВ_ИЗМЕНЕН"),"НЕ ГОТОВ"),"НЕ ГОТОВ") -> ГОТОВ | R14: =IFERROR(VLOOKUP(P14,Лист1!A$1:B$20,2,FALSE),0) -> 784 | S14: =VALUE(E14) -> 1
A15: 66:28:2601001:601 | B15: Жилой дом | C15: 1 | E15: 1 | F15: По допущению год постановки на КУ | G15: 02.02.2023 | H15: НЕ ГОТОВ | I15: =IFERROR(VLOOKUP(C15,'Справочник соответствий'!A$2:D$2981,2,FALSE),IF(VALUE(C15)=0,1,VLOOKUP(C15,'Справочник соответствий'!A$2:D$2981,2,FALSE))) -> 1 | J15: =IFERROR(VLOOKUP(D15,'Справочник соответствий'!A$2:D$2981,2,FALSE),IF(VALUE(D15)=0,0,VLOOKUP(D15,'Справочник соответствий'!A$2:D$2981,2,FALSE))) -> 0 | K15: =IF(B15="Многоквартирный дом",IF(I15-J15>0,I15-J15,1),I15) -> 1 | L15: =IFERROR(VLOOKUP(C15,'Справочник соответствий'!A$2:D$2981,3,FALSE),IF(VALUE(C15)=0,"ЭТАЖ НЕ ОПРЕДЕЛЕН. ПРИНЯТ ПО ДОПУЩЕНИЮ 1",VLOOKUP(C15,'Справочник соответствий'!A$2:D$2981,3,FALSE))) -> ЭТАЖ ЗАДАН ЧИСЛОМ | M15: =I15=E15 -> FALSE | N15: =IF(VALUE(E15)=0,VALUE(K15),IF(L15="ЭТАЖ НЕ ОПРЕДЕЛЕН. ПРИНЯТ ПО ДОПУЩЕНИЮ 1",VALUE(E15),VALUE(K15))) -> 1 | O15: =IF(VALUE(E15)=0,L15,IF(L15="ЭТАЖ НЕ ОПРЕДЕЛЕН. ПРИНЯТ ПО ДОПУЩЕНИЮ 1",F15,L15)) -> ЭТАЖ ЗАДАН ЧИСЛОМ | P15: =IF(B15="Многоквартирный дом",CONCATENATE("МКД_",O15),O15) -> ЭТАЖ ЗАДАН ЧИСЛОМ | Q15: =IFERROR(IF(N15>0,IF(N15=VALUE(E15),"ГОТОВ","ГОТОВ_ИЗМЕНЕН"),"НЕ ГОТОВ"),"НЕ ГОТОВ") -> ГОТОВ | R15: =IFERROR(VLOOKUP(P15,Лист1!A$1:B$20,2,FALSE),0) -> 784 | S15: =VALUE(E15) -> 1
A16: 66:07:1002013:197 | B16: Многоквартирный дом | C16: 5 | E16: 5 | F16: Министерство энергетики | G16: 28.12.2022 | H16: НЕ ГОТОВ | I16: =IFERROR(VLOOKUP(C16,'Справочник соответствий'!A$2:D$2981,2,FALSE),IF(VALUE(C16)=0,1,VLOOKUP(C16,'Справочник соответствий'!A$2:D$2981,2,FALSE))) -> 5 | J16: =IFERROR(VLOOKUP(D16,'Справочник соответствий'!A$2:D$2981,2,FALSE),IF(VALUE(D16)=0,0,VLOOKUP(D16,'Справочник соответствий'!A$2:D$2981,2,FALSE))) -> 0 | K16: =IF(B16="Многоквартирный дом",IF(I16-J16>0,I16-J16,1),I16) -> 5 | L16: =IFERROR(VLOOKUP(C16,'Справочник соответствий'!A$2:D$2981,3,FALSE),IF(VALUE(C16)=0,"ЭТАЖ НЕ ОПРЕДЕЛЕН. ПРИНЯТ ПО ДОПУЩЕНИЮ 1",VLOOKUP(C16,'Справочник соответствий'!A$2:D$2981,3,FALSE))) -> ЭТАЖ ЗАДАН ЧИСЛОМ | M16: =I16=E16 -> FALSE | N16: =IF(VALUE(E16)=0,VALUE(K16),IF(L16="ЭТАЖ НЕ ОПРЕДЕЛЕН. ПРИНЯТ ПО ДОПУЩЕНИЮ 1",VALUE(E16),VALUE(K16))) -> 5 | O16: =IF(VALUE(E16)=0,L16,IF(L16="ЭТАЖ НЕ ОПРЕДЕЛЕН. ПРИНЯТ ПО ДОПУЩЕНИЮ 1",F16,L16)) -> ЭТАЖ ЗАДАН ЧИСЛОМ | P16: =IF(B16="Многоквартирный дом",CONCATENATE("МКД_",O16),O16) -> МКД_ЭТАЖ ЗАДАН ЧИСЛОМ | Q16: =IFERROR(IF(N16>0,IF(N16=VALUE(E16),"ГОТОВ","ГОТОВ_ИЗМЕНЕН"),"НЕ ГОТОВ"),"НЕ ГОТОВ") -> ГОТОВ | R16: =IFERROR(VLOOKUP(P16,Лист1!A$1:B$20,2,FALSE),0) -> 786 | S16: =VALUE(E16) -> 5
A17: 66:21:0101039:269 | B17: Нежилое здание | C17: 1 | E17: 1 | F17: Значение определено ГБУ СО ЦГКО (допущение по среднему значению для года постройки по кад. Кварталу, материалу, назначению по данным на 01.02.2018) | G17: 27.01.2023 | H17: НЕ ГОТОВ | I17: =IFERROR(VLOOKUP(C17,'Справочник соответствий'!A$2:D$2981,2,FALSE),IF(VALUE(C17)=0,1,VLOOKUP(C17,'Справочник соответствий'!A$2:D$2981,2,FALSE))) -> 1 | J17: =IFERROR(VLOOKUP(D17,'Справочник соответствий'!A$2:D$2981,2,FALSE),IF(VALUE(D17)=0,0,VLOOKUP(D17,'Справочник соответствий'!A$2:D$2981,2,FALSE))) -> 0 | K17: =IF(B17="Многоквартирный дом",IF(I17-J17>0,I17-J17,1),I17) -> 1 | L17: =IFERROR(VLOOKUP(C17,'Справочник соответствий'!A$2:D$2981,3,FALSE),IF(VALUE(C17)=0,"ЭТАЖ НЕ ОПРЕДЕЛЕН. ПРИНЯТ ПО ДОПУЩЕНИЮ 1",VLOOKUP(C17,'Справочник соответствий'!A$2:D$2981,3,FALSE))) -> ЭТАЖ ЗАДАН ЧИСЛОМ | M17: =I17=E17 -> FALSE | N17: =IF(VALUE(E17)=0,VALUE(K17),IF(L17="ЭТАЖ НЕ ОПРЕДЕЛЕН. ПРИНЯТ ПО ДОПУЩЕНИЮ 1",VALUE(E17),VALUE(K17))) -> 1 | O17: =IF(VALUE(E17)=0,L17,IF(L17="ЭТАЖ НЕ ОПРЕДЕЛЕН. ПРИНЯТ ПО ДОПУЩЕНИЮ 1",F17,L17)) -> ЭТАЖ ЗАДАН ЧИСЛОМ | P17: =IF(B17="Многоквартирный дом",CONCATENATE("МКД_",O17),O17) -> ЭТАЖ ЗАДАН ЧИСЛОМ | Q17: =IFERROR(IF(N17>0,IF(N17=VALUE(E17),"ГОТОВ","ГОТОВ_ИЗМЕНЕН"),"НЕ ГОТОВ"),"НЕ ГОТОВ") -> ГОТОВ | R17: =IFERROR(VLOOKUP(P17,Лист1!A$1:B$20,2,FALSE),0) -> 784 | S17: =VALUE(E17) -> 1
A18: 66:07:2001001:608 | B18: Многоквартирный дом | C18: 2 | E18: 2 | F18: Министерство энергетики | G18: 28.12.2022 | H18: НЕ ГОТОВ | I18: =IFERROR(VLOOKUP(C18,'Справочник соответствий'!A$2:D$2981,2,FALSE),IF(VALUE(C18)=0,1,VLOOKUP(C18,'Справочник соответствий'!A$2:D$2981,2,FALSE))) -> 2 | J18: =IFERROR(VLOOKUP(D18,'Справочник соответствий'!A$2:D$2981,2,FALSE),IF(VALUE(D18)=0,0,VLOOKUP(D18,'Справочник соответствий'!A$2:D$2981,2,FALSE))) -> 0 | K18: =IF(B18="Многоквартирный дом",IF(I18-J18>0,I18-J18,1),I18) -> 2 | L18: =IFERROR(VLOOKUP(C18,'Справочник соответствий'!A$2:D$2981,3,FALSE),IF(VALUE(C18)=0,"ЭТАЖ НЕ ОПРЕДЕЛЕН. ПРИНЯТ ПО ДОПУЩЕНИЮ 1",VLOOKUP(C18,'Справочник соответствий'!A$2:D$2981,3,FALSE))) -> ЭТАЖ ЗАДАН ЧИСЛОМ | M18: =I18=E18 -> FALSE | N18: =IF(VALUE(E18)=0,VALUE(K18),IF(L18="ЭТАЖ НЕ ОПРЕДЕЛЕН. ПРИНЯТ ПО ДОПУЩЕНИЮ 1",VALUE(E18),VALUE(K18))) -> 2 | O18: =IF(VALUE(E18)=0,L18,IF(L18="ЭТАЖ НЕ ОПРЕДЕЛЕН. ПРИНЯТ ПО ДОПУЩЕНИЮ 1",F18,L18)) -> ЭТАЖ ЗАДАН ЧИСЛОМ | P18: =IF(B18="Многоквартирный дом",CONCATENATE("МКД_",O18),O18) -> МКД_ЭТАЖ ЗАДАН ЧИСЛОМ | Q18: =IFERROR(IF(N18>0,IF(N18=VALUE(E18),"ГОТОВ","ГОТОВ_ИЗМЕНЕН"),"НЕ ГОТОВ"),"НЕ ГОТОВ") -> ГОТОВ | R18: =IFERROR(VLOOKUP(P18,Лист1!A$1:B$20,2,FALSE),0) -> 786 | S18: =VALUE(E18) -> 2
A19: 66:04:1601005:157 | B19: Жилой дом | C19: 1 | E19: 1 | F19: Значение определено ГБУ СО ЦГКО (допущение по среднему значению для года постройки по кад. Кварталу, материалу, назначению по данным на 01.02.2018) | G19: 03.02.2023 | H19: НЕ ГОТОВ | I19: =IFERROR(VLOOKUP(C19,'Справочник соответствий'!A$2:D$2981,2,FALSE),IF(VALUE(C19)=0,1,VLOOKUP(C19,'Справочник соответствий'!A$2:D$2981,2,FALSE))) -> 1 | J19: =IFERROR(VLOOKUP(D19,'Справочник соответствий'!A$2:D$2981,2,FALSE),IF(VALUE(D19)=0,0,VLOOKUP(D19,'Справочник соответствий'!A$2:D$2981,2,FALSE))) -> 0 | K19: =IF(B19="Многоквартирный дом",IF(I19-J19>0,I19-J19,1),I19) -> 1 | L19: =IFERROR(VLOOKUP(C19,'Справочник соответствий'!A$2:D$2981,3,FALSE),IF(VALUE(C19)=0,"ЭТАЖ НЕ ОПРЕДЕЛЕН. ПРИНЯТ ПО ДОПУЩЕНИЮ 1",VLOOKUP(C19,'Справочник соответствий'!A$2:D$2981,3,FALSE))) -> ЭТАЖ ЗАДАН ЧИСЛОМ | M19: =I19=E19 -> FALSE | N19: =IF(VALUE(E19)=0,VALUE(K19),IF(L19="ЭТАЖ НЕ ОПРЕДЕЛЕН. ПРИНЯТ ПО ДОПУЩЕНИЮ 1",VALUE(E19),VALUE(K19))) -> 1 | O19: =IF(VALUE(E19)=0,L19,IF(L19="ЭТАЖ НЕ ОПРЕДЕЛЕН. ПРИНЯТ ПО ДОПУЩЕНИЮ 1",F19,L19)) -> ЭТАЖ ЗАДАН ЧИСЛОМ | P19: =IF(B19="Многоквартирный дом",CONCATENATE("МКД_",O19),O19) -> ЭТАЖ ЗАДАН ЧИСЛОМ | Q19: =IFERROR(IF(N19>0,IF(N19=VALUE(E19),"ГОТОВ","ГОТОВ_ИЗМЕНЕН"),"НЕ ГОТОВ"),"НЕ ГОТОВ") -> ГОТОВ | R19: =IFERROR(VLOOKUP(P19,Лист1!A$1:B$20,2,FALSE),0) -> 784 | S19: =VALUE(E19) -> 1
A20: 66:52:0104019:404 | B20: Жилой дом | C20: 1 | E20: 1 | F20: Значение определено ГБУ СО ЦГКО (допущение по среднему значению для года постройки по кад. Кварталу, материалу, назначению по данным на 01.02.2018) | G20: 31.01.2023 | H20: НЕ ГОТОВ | I20: =IFERROR(VLOOKUP(C20,'Справочник соответствий'!A$2:D$2981,2,FALSE),IF(VALUE(C20)=0,1,VLOOKUP(C20,'Справочник соответствий'!A$2:D$2981,2,FALSE))) -> 1 | J20: =IFERROR(VLOOKUP(D20,'Справочник соответствий'!A$2:D$2981,2,FALSE),IF(VALUE(D20)=0,0,VLOOKUP(D20,'Справочник соответствий'!A$2:D$2981,2,FALSE))) -> 0 | K20: =IF(B20="Многоквартирный дом",IF(I20-J20>0,I20-J20,1),I20) -> 1 | L20: =IFERROR(VLOOKUP(C20,'Справочник соответствий'!A$2:D$2981,3,FALSE),IF(VALUE(C20)=0,"ЭТАЖ НЕ ОПРЕДЕЛЕН. ПРИНЯТ ПО ДОПУЩЕНИЮ 1",VLOOKUP(C20,'Справочник соответствий'!A$2:D$2981,3,FALSE))) -> ЭТАЖ ЗАДАН ЧИСЛОМ | M20: =I20=E20 -> FALSE | N20: =IF(VALUE(E20)=0,VALUE(K20),IF(L20="ЭТАЖ НЕ ОПРЕДЕЛЕН. ПРИНЯТ ПО ДОПУЩЕНИЮ 1",VALUE(E20),VALUE(K20))) -> 1 | O20: =IF(VALUE(E20)=0,L20,IF(L20="ЭТАЖ НЕ ОПРЕДЕЛЕН. ПРИНЯТ ПО ДОПУЩЕНИЮ 1",F20,L20)) -> ЭТАЖ ЗАДАН ЧИСЛОМ | P20: =IF(B20="Многоквартирный дом",CONCATENATE("МКД_",O20),O20) -> ЭТАЖ ЗАДАН ЧИСЛОМ | Q20: =IFERROR(IF(N20>0,IF(N20=VALUE(E20),"ГОТОВ","ГОТОВ_ИЗМЕНЕН"),"НЕ ГОТОВ"),"НЕ ГОТОВ") -> ГОТОВ | R20: =IFERROR(VLOOKUP(P20,Лист1!A$1:B$20,2,FALSE),0) -> 784 | S20: =VALUE(E20) -> 1
A21: 66:59:0000000:4779 | B21: Нежилое здание | E21: 1 | F21: Значение определено ГБУ СО ЦГКО (допущение по среднему значению для года постройки по кад. Кварталу, материалу, назначению по данным на 01.02.2018) | G21: 31.01.2023 | H21: НЕ ГОТОВ | I21: =IFERROR(VLOOKUP(C21,'Справочник соответствий'!A$2:D$2981,2,FALSE),IF(VALUE(C21)=0,1,VLOOKUP(C21,'Справочник соответствий'!A$2:D$2981,2,FALSE))) -> 1 | J21: =IFERROR(VLOOKUP(D21,'Справочник соответствий'!A$2:D$2981,2,FALSE),IF(VALUE(D21)=0,0,VLOOKUP(D21,'Справочник соответствий'!A$2:D$2981,2,FALSE))) -> 0 | K21: =IF(B21="Многоквартирный дом",IF(I21-J21>0,I21-J21,1),I21) -> 1 | L21: =IFERROR(VLOOKUP(C21,'Справочник соответствий'!A$2:D$2981,3,FALSE),IF(VALUE(C21)=0,"ЭТАЖ НЕ ОПРЕДЕЛЕН. ПРИНЯТ ПО ДОПУЩЕНИЮ 1",VLOOKUP(C21,'Справочник соответствий'!A$2:D$2981,3,FALSE))) -> ЭТАЖ НЕ ОПРЕДЕЛЕН. ПРИНЯТ ПО ДОПУЩЕНИЮ 1 | M21: =I21=E21 -> TRUE | N21: =IF(VALUE(E21)=0,VALUE(K21),IF(L21="ЭТАЖ НЕ ОПРЕДЕЛЕН. ПРИНЯТ ПО ДОПУЩЕНИЮ 1",VALUE(E21),VALUE(K21))) -> 1 | O21: =IF(VALUE(E21)=0,L21,IF(L21="ЭТАЖ НЕ ОПРЕДЕЛЕН. ПРИНЯТ ПО ДОПУЩЕНИЮ 1",F21,L21)) -> Значение определено ГБУ СО ЦГКО (допущение по среднему значению для года постройки по кад. Кварталу, материалу, назначению по данным на 01.02.2018) | P21: =IF(B21="Многоквартирный дом",CONCATENATE("МКД_",O21),O21) -> Значение определено ГБУ СО ЦГКО (допущение по среднему значению для года постройки по кад. Кварталу, материалу, назначению по данным на 01.02.2018) | Q21: =IFERROR(IF(N21>0,IF(N21=VALUE(E21),"ГОТОВ","ГОТОВ_ИЗМЕНЕН"),"НЕ ГОТОВ"),"НЕ ГОТОВ") -> ГОТОВ | R21: =IFERROR(VLOOKUP(P21,Лист1!A$1:B$20,2,FALSE),0) -> 214 | S21: =VALUE(E21) -> 1
A22: 66:52:0108001:424 | B22: Жилой дом | C22: 1 | E22: 1 | F22: Значение определено ГБУ СО ЦГКО (допущение по среднему значению для года постройки по кад. Кварталу, материалу, назначению по данным на 01.02.2018) | G22: 31.01.2023 | H22: НЕ ГОТОВ | I22: =IFERROR(VLOOKUP(C22,'Справочник соответствий'!A$2:D$2981,2,FALSE),IF(VALUE(C22)=0,1,VLOOKUP(C22,'Справочник соответствий'!A$2:D$2981,2,FALSE))) -> 1 | J22: =IFERROR(VLOOKUP(D22,'Справочник соответствий'!A$2:D$2981,2,FALSE),IF(VALUE(D22)=0,0,VLOOKUP(D22,'Справочник соответствий'!A$2:D$2981,2,FALSE))) -> 0 | K22: =IF(B22="Многоквартирный дом",IF(I22-J22>0,I22-J22,1),I22) -> 1 | L22: =IFERROR(VLOOKUP(C22,'Справочник соответствий'!A$2:D$2981,3,FALSE),IF(VALUE(C22)=0,"ЭТАЖ НЕ ОПРЕДЕЛЕН. ПРИНЯТ ПО ДОПУЩЕНИЮ 1",VLOOKUP(C22,'Справочник соответствий'!A$2:D$2981,3,FALSE))) -> ЭТАЖ ЗАДАН ЧИСЛОМ | M22: =I22=E22 -> FALSE | N22: =IF(VALUE(E22)=0,VALUE(K22),IF(L22="ЭТАЖ НЕ ОПРЕДЕЛЕН. ПРИНЯТ ПО ДОПУЩЕНИЮ 1",VALUE(E22),VALUE(K22))) -> 1 | O22: =IF(VALUE(E22)=0,L22,IF(L22="ЭТАЖ НЕ ОПРЕДЕЛЕН. ПРИНЯТ ПО ДОПУЩЕНИЮ 1",F22,L22)) -> ЭТАЖ ЗАДАН ЧИСЛОМ | P22: =IF(B22="Многоквартирный дом",CONCATENATE("МКД_",O22),O22) -> ЭТАЖ ЗАДАН ЧИСЛОМ | Q22: =IFERROR(IF(N22>0,IF(N22=VALUE(E22),"ГОТОВ","ГОТОВ_ИЗМЕНЕН"),"НЕ ГОТОВ"),"НЕ ГОТОВ") -> ГОТОВ | R22: =IFERROR(VLOOKUP(P22,Лист1!A$1:B$20,2,FALSE),0) -> 784 | S22: =VALUE(E22) -> 1
A23: 66:52:0107002:898 | B23: Жилой дом | C23: 1 | E23: 1 | F23: Значение определено ГБУ СО ЦГКО (допущение по среднему значению для года постройки по кад. Кварталу, материалу, назначению по данным на 01.02.2018) | G23: 31.01.2023 | H23: НЕ ГОТОВ | I23: =IFERROR(VLOOKUP(C23,'Справочник соответствий'!A$2:D$2981,2,FALSE),IF(VALUE(C23)=0,1,VLOOKUP(C23,'Справочник соответствий'!A$2:D$2981,2,FALSE))) -> 1 | J23: =IFERROR(VLOOKUP(D23,'Справочник соответствий'!A$2:D$2981,2,FALSE),IF(VALUE(D23)=0,0,VLOOKUP(D23,'Справочник соответствий'!A$2:D$2981,2,FALSE))) -> 0 | K23: =IF(B23="Многоквартирный дом",IF(I23-J23>0,I23-J23,1),I23) -> 1 | L23: =IFERROR(VLOOKUP(C23,'Справочник соответствий'!A$2:D$2981,3,FALSE),IF(VALUE(C23)=0,"ЭТАЖ НЕ ОПРЕДЕЛЕН. ПРИНЯТ ПО ДОПУЩЕНИЮ 1",VLOOKUP(C23,'Справочник соответствий'!A$2:D$2981,3,FALSE))) -> ЭТАЖ ЗАДАН ЧИСЛОМ | M23: =I23=E23 -> FALSE | N23: =IF(VALUE(E23)=0,VALUE(K23),IF(L23="ЭТАЖ НЕ ОПРЕДЕЛЕН. ПРИНЯТ ПО ДОПУЩЕНИЮ 1",VALUE(E23),VALUE(K23))) -> 1 | O23: =IF(VALUE(E23)=0,L23,IF(L23="ЭТАЖ НЕ ОПРЕДЕЛЕН. ПРИНЯТ ПО ДОПУЩЕНИЮ 1",F23,L23)) -> ЭТАЖ ЗАДАН ЧИСЛОМ | P23: =IF(B23="Многоквартирный дом",CONCATENATE("МКД_",O23),O23) -> ЭТАЖ ЗАДАН ЧИСЛОМ | Q23: =IFERROR(IF(N23>0,IF(N23=VALUE(E23),"ГОТОВ","ГОТОВ_ИЗМЕНЕН"),"НЕ ГОТОВ"),"НЕ ГОТОВ") -> ГОТОВ | R23: =IFERROR(VLOOKUP(P23,Лист1!A$1:B$20,2,FALSE),0) -> 784 | S23: =VALUE(E23) -> 1
A24: 66:04:0801002:175 | B24: Многоквартирный дом | C24: 1 | E24: 1 | F24: По допущению год постановки на КУ | G24: 30.01.2023 | H24: НЕ ГОТОВ | I24: =IFERROR(VLOOKUP(C24,'Справочник соответствий'!A$2:D$2981,2,FALSE),IF(VALUE(C24)=0,1,VLOOKUP(C24,'Справочник соответствий'!A$2:D$2981,2,FALSE))) -> 1 | J24: =IFERROR(VLOOKUP(D24,'Справочник соответствий'!A$2:D$2981,2,FALSE),IF(VALUE(D24)=0,0,VLOOKUP(D24,'Справочник соответствий'!A$2:D$2981,2,FALSE))) -> 0 | K24: =IF(B24="Многоквартирный дом",IF(I24-J24>0,I24-J24,1),I24) -> 1 | L24: =IFERROR(VLOOKUP(C24,'Справочник соответствий'!A$2:D$2981,3,FALSE),IF(VALUE(C24)=0,"ЭТАЖ НЕ ОПРЕДЕЛЕН. ПРИНЯТ ПО ДОПУЩЕНИЮ 1",VLOOKUP(C24,'Справочник соответствий'!A$2:D$2981,3,FALSE))) -> ЭТАЖ ЗАДАН ЧИСЛОМ | M24: =I24=E24 -> FALSE | N24: =IF(VALUE(E24)=0,VALUE(K24),IF(L24="ЭТАЖ НЕ ОПРЕДЕЛЕН. ПРИНЯТ ПО ДОПУЩЕНИЮ 1",VALUE(E24),VALUE(K24))) -> 1 | O24: =IF(VALUE(E24)=0,L24,IF(L24="ЭТАЖ НЕ ОПРЕДЕЛЕН. ПРИНЯТ ПО ДОПУЩЕНИЮ 1",F24,L24)) -> ЭТАЖ ЗАДАН ЧИСЛОМ | P24: =IF(B24="Многоквартирный дом",CONCATENATE("МКД_",O24),O24) -> МКД_ЭТАЖ ЗАДАН ЧИСЛОМ | Q24: =IFERROR(IF(N24>0,IF(N24=VALUE(E24),"ГОТОВ","ГОТОВ_ИЗМЕНЕН"),"НЕ ГОТОВ"),"НЕ ГОТОВ") -> ГОТОВ | R24: =IFERROR(VLOOKUP(P24,Лист1!A$1:B$20,2,FALSE),0) -> 786 | S24: =VALUE(E24) -> 1
A25: 66:16:0801001:480 | B25: Жилой дом | C25: 1 | E25: 1 | F25: Значение определено ГБУ СО ЦГКО (допущение по среднему значению для года постройки по кад. Кварталу, материалу, назначению по данным на 01.02.2018) | G25: 26.12.2022 | H25: НЕ ГОТОВ | I25: =IFERROR(VLOOKUP(C25,'Справочник соответствий'!A$2:D$2981,2,FALSE),IF(VALUE(C25)=0,1,VLOOKUP(C25,'Справочник соответствий'!A$2:D$2981,2,FALSE))) -> 1 | J25: =IFERROR(VLOOKUP(D25,'Справочник соответствий'!A$2:D$2981,2,FALSE),IF(VALUE(D25)=0,0,VLOOKUP(D25,'Справочник соответствий'!A$2:D$2981,2,FALSE))) -> 0 | K25: =IF(B25="Многоквартирный дом",IF(I25-J25>0,I25-J25,1),I25) -> 1 | L25: =IFERROR(VLOOKUP(C25,'Справочник соответствий'!A$2:D$2981,3,FALSE),IF(VALUE(C25)=0,"ЭТАЖ НЕ ОПРЕДЕЛЕН. ПРИНЯТ ПО ДОПУЩЕНИЮ 1",VLOOKUP(C25,'Справочник соответствий'!A$2:D$2981,3,FALSE))) -> ЭТАЖ ЗАДАН ЧИСЛОМ | M25: =I25=E25 -> FALSE | N25: =IF(VALUE(E25)=0,VALUE(K25),IF(L25="ЭТАЖ НЕ ОПРЕДЕЛЕН. ПРИНЯТ ПО ДОПУЩЕНИЮ 1",VALUE(E25),VALUE(K25))) -> 1 | O25: =IF(VALUE(E25)=0,L25,IF(L25="ЭТАЖ НЕ ОПРЕДЕЛЕН. ПРИНЯТ ПО ДОПУЩЕНИЮ 1",F25,L25)) -> ЭТАЖ ЗАДАН ЧИСЛОМ | P25: =IF(B25="Многоквартирный дом",CONCATENATE("МКД_",O25),O25) -> ЭТАЖ ЗАДАН ЧИСЛОМ | Q25: =IFERROR(IF(N25>0,IF(N25=VALUE(E25),"ГОТОВ","ГОТОВ_ИЗМЕНЕН"),"НЕ ГОТОВ"),"НЕ ГОТОВ") -> ГОТОВ | R25: =IFERROR(VLOOKUP(P25,Лист1!A$1:B$20,2,FALSE),0) -> 784 | S25: =VALUE(E25) -> 1
A26: 66:52:0107003:606 | B26: Жилой дом | C26: - | E26: 1 | F26: Значение определено ГБУ СО ЦГКО (допущение по среднему значению для года постройки по кад. Кварталу, материалу, назначению по данным на 01.02.2018) | G26: 31.01.2023 | H26: НЕ ГОТОВ | I26: =IFERROR(VLOOKUP(C26,'Справочник соответствий'!A$2:D$2981,2,FALSE),IF(VALUE(C26)=0,1,VLOOKUP(C26,'Справочник соответствий'!A$2:D$2981,2,FALSE))) -> 1 | J26: =IFERROR(VLOOKUP(D26,'Справочник соответствий'!A$2:D$2981,2,FALSE),IF(VALUE(D26)=0,0,VLOOKUP(D26,'Справочник соответствий'!A$2:D$2981,2,FALSE))) -> 0 | K26: =IF(B26="Многоквартирный дом",IF(I26-J26>0,I26-J26,1),I26) -> 1 | L26: =IFERROR(VLOOKUP(C26,'Справочник соответствий'!A$2:D$2981,3,FALSE),IF(VALUE(C26)=0,"ЭТАЖ НЕ ОПРЕДЕЛЕН. ПРИНЯТ ПО ДОПУЩЕНИЮ 1",VLOOKUP(C26,'Справочник соответствий'!A$2:D$2981,3,FALSE))) -> ЭТАЖ НЕ ОПРЕДЕЛЕН. ПРИНЯТ ПО ДОПУЩЕНИЮ 1 | M26: =I26=E26 -> FALSE | N26: =IF(VALUE(E26)=0,VALUE(K26),IF(L26="ЭТАЖ НЕ ОПРЕДЕЛЕН. ПРИНЯТ ПО ДОПУЩЕНИЮ 1",VALUE(E26),VALUE(K26))) -> 1 | O26: =IF(VALUE(E26)=0,L26,IF(L26="ЭТАЖ НЕ ОПРЕДЕЛЕН. ПРИНЯТ ПО ДОПУЩЕНИЮ 1",F26,L26)) -> Значение определено ГБУ СО ЦГКО (допущение по среднему значению для года постройки по кад. Кварталу, материалу, назначению по данным на 01.02.2018) | P26: =IF(B26="Многоквартирный дом",CONCATENATE("МКД_",O26),O26) -> Значение определено ГБУ СО ЦГКО (допущение по среднему значению для года постройки по кад. Кварталу, материалу, назначению по данным на 01.02.2018) | Q26: =IFERROR(IF(N26>0,IF(N26=VALUE(E26),"ГОТОВ","ГОТОВ_ИЗМЕНЕН"),"НЕ ГОТОВ"),"НЕ ГОТОВ") -> ГОТОВ | R26: =IFERROR(VLOOKUP(P26,Лист1!A$1:B$20,2,FALSE),0) -> 214 | S26: =VALUE(E26) -> 1
A27: 66:52:0106011:84 | B27: Жилой дом | C27: 1 | D27: 1 | E27: 1 | F27: Значение определено ГБУ СО ЦГКО (допущение по среднему значению для года постройки по кад. Кварталу, материалу, назначению по данным на 01.02.2018) | G27: 23.12.2022 | H27: НЕ ГОТОВ | I27: =IFERROR(VLOOKUP(C27,'Справочник соответствий'!A$2:D$2981,2,FALSE),IF(VALUE(C27)=0,1,VLOOKUP(C27,'Справочник соответствий'!A$2:D$2981,2,FALSE))) -> 1 | J27: =IFERROR(VLOOKUP(D27,'Справочник соответствий'!A$2:D$2981,2,FALSE),IF(VALUE(D27)=0,0,VLOOKUP(D27,'Справочник соответствий'!A$2:D$2981,2,FALSE))) -> 1 | K27: =IF(B27="Многоквартирный дом",IF(I27-J27>0,I27-J27,1),I27) -> 1 | L27: =IFERROR(VLOOKUP(C27,'Справочник соответствий'!A$2:D$2981,3,FALSE),IF(VALUE(C27)=0,"ЭТАЖ НЕ ОПРЕДЕЛЕН. ПРИНЯТ ПО ДОПУЩЕНИЮ 1",VLOOKUP(C27,'Справочник соответствий'!A$2:D$2981,3,FALSE))) -> ЭТАЖ ЗАДАН ЧИСЛОМ | M27: =I27=E27 -> FALSE | N27: =IF(VALUE(E27)=0,VALUE(K27),IF(L27="ЭТАЖ НЕ ОПРЕДЕЛЕН. ПРИНЯТ ПО ДОПУЩЕНИЮ 1",VALUE(E27),VALUE(K27))) -> 1 | O27: =IF(VALUE(E27)=0,L27,IF(L27="ЭТАЖ НЕ ОПРЕДЕЛЕН. ПРИНЯТ ПО ДОПУЩЕНИЮ 1",F27,L27)) -> ЭТАЖ ЗАДАН ЧИСЛОМ | P27: =IF(B27="Многоквартирный дом",CONCATENATE("МКД_",O27),O27) -> ЭТАЖ ЗАДАН ЧИСЛОМ | Q27: =IFERROR(IF(N27>0,IF(N27=VALUE(E27),"ГОТОВ","ГОТОВ_ИЗМЕНЕН"),"НЕ ГОТОВ"),"НЕ ГОТОВ") -> ГОТОВ | R27: =IFERROR(VLOOKUP(P27,Лист1!A$1:B$20,2,FALSE),0) -> 784 | S27: =VALUE(E27) -> 1
A28: 66:14:1801011:61 | B28: Нежилое здание | C28: 1 | D28: 0 | E28: 1 | F28: Значение определено ГБУ СО ЦГКО (допущение по среднему значению для года постройки по кад. Кварталу, материалу, назначению по данным на 01.02.2018) | G28: 19.01.2023 | H28: НЕ ГОТОВ | I28: =IFERROR(VLOOKUP(C28,'Справочник соответствий'!A$2:D$2981,2,FALSE),IF(VALUE(C28)=0,1,VLOOKUP(C28,'Справочник соответствий'!A$2:D$2981,2,FALSE))) -> 1 | J28: =IFERROR(VLOOKUP(D28,'Справочник соответствий'!A$2:D$2981,2,FALSE),IF(VALUE(D28)=0,0,VLOOKUP(D28,'Справочник соответствий'!A$2:D$2981,2,FALSE))) -> 1 | K28: =IF(B28="Многоквартирный дом",IF(I28-J28>0,I28-J28,1),I28) -> 1 | L28: =IFERROR(VLOOKUP(C28,'Справочник соответствий'!A$2:D$2981,3,FALSE),IF(VALUE(C28)=0,"ЭТАЖ НЕ ОПРЕДЕЛЕН. ПРИНЯТ ПО ДОПУЩЕНИЮ 1",VLOOKUP(C28,'Справочник соответствий'!A$2:D$2981,3,FALSE))) -> ЭТАЖ ЗАДАН ЧИСЛОМ | M28: =I28=E28 -> FALSE | N28: =IF(VALUE(E28)=0,VALUE(K28),IF(L28="ЭТАЖ НЕ ОПРЕДЕЛЕН. ПРИНЯТ ПО ДОПУЩЕНИЮ 1",VALUE(E28),VALUE(K28))) -> 1 | O28: =IF(VALUE(E28)=0,L28,IF(L28="ЭТАЖ НЕ ОПРЕДЕЛЕН. ПРИНЯТ ПО ДОПУЩЕНИЮ 1",F28,L28)) -> ЭТАЖ ЗАДАН ЧИСЛОМ | P28: =IF(B28="Многоквартирный дом",CONCATENATE("МКД_",O28),O28) -> ЭТАЖ ЗАДАН ЧИСЛОМ | Q28: =IFERROR(IF(N28>0,IF(N28=VALUE(E28),"ГОТОВ","ГОТОВ_ИЗМЕНЕН"),"НЕ ГОТОВ"),"НЕ ГОТОВ") -> ГОТОВ | R28: =IFERROR(VLOOKUP(P28,Лист1!A$1:B$20,2,FALSE),0) -> 784 | S28: =VALUE(E28) -> 1
A29: 66:06:0801002:210 | B29: Многоквартирный дом | C29: 2 | E29: 2 | F29: Значение определено ГБУ СО ЦГКО (допущение по среднему значению для года постройки по кад. Кварталу, материалу, назначению по данным на 01.02.2018) | G29: 28.12.2022 | H29: НЕ ГОТОВ | I29: =IFERROR(VLOOKUP(C29,'Справочник соответствий'!A$2:D$2981,2,FALSE),IF(VALUE(C29)=0,1,VLOOKUP(C29,'Справочник соответствий'!A$2:D$2981,2,FALSE))) -> 2 | J29: =IFERROR(VLOOKUP(D29,'Справочник соответствий'!A$2:D$2981,2,FALSE),IF(VALUE(D29)=0,0,VLOOKUP(D29,'Справочник соответствий'!A$2:D$2981,2,FALSE))) -> 0 | K29: =IF(B29="Многоквартирный дом",IF(I29-J29>0,I29-J29,1),I29) -> 2 | L29: =IFERROR(VLOOKUP(C29,'Справочник соответствий'!A$2:D$2981,3,FALSE),IF(VALUE(C29)=0,"ЭТАЖ НЕ ОПРЕДЕЛЕН. ПРИНЯТ ПО ДОПУЩЕНИЮ 1",VLOOKUP(C29,'Справочник соответствий'!A$2:D$2981,3,FALSE))) -> ЭТАЖ ЗАДАН ЧИСЛОМ | M29: =I29=E29 -> FALSE | N29: =IF(VALUE(E29)=0,VALUE(K29),IF(L29="ЭТАЖ НЕ ОПРЕДЕЛЕН. ПРИНЯТ ПО ДОПУЩЕНИЮ 1",VALUE(E29),VALUE(K29))) -> 2 | O29: =IF(VALUE(E29)=0,L29,IF(L29="ЭТАЖ НЕ ОПРЕДЕЛЕН. ПРИНЯТ ПО ДОПУЩЕНИЮ 1",F29,L29)) -> ЭТАЖ ЗАДАН ЧИСЛОМ | P29: =IF(B29="Многоквартирный дом",CONCATENATE("МКД_",O29),O29) -> МКД_ЭТАЖ ЗАДАН ЧИСЛОМ | Q29: =IFERROR(IF(N29>0,IF(N29=VALUE(E29),"ГОТОВ","ГОТОВ_ИЗМЕНЕН"),"НЕ ГОТОВ"),"НЕ ГОТОВ") -> ГОТОВ | R29: =IFERROR(VLOOKUP(P29,Лист1!A$1:B$20,2,FALSE),0) -> 786 | S29: =VALUE(E29) -> 2
A30: 66:06:4501013:3 | B30: Многоквартирный дом | C30: 2 | E30: 2 | F30: Значение определено ГБУ СО ЦГКО (допущение по среднему значению для года постройки по кад. Кварталу, материалу, назначению по данным на 01.02.2018) | G30: 28.12.2022 | H30: НЕ ГОТОВ | I30: =IFERROR(VLOOKUP(C30,'Справочник соответствий'!A$2:D$2981,2,FALSE),IF(VALUE(C30)=0,1,VLOOKUP(C30,'Справочник соответствий'!A$2:D$2981,2,FALSE))) -> 2 | J30: =IFERROR(VLOOKUP(D30,'Справочник соответствий'!A$2:D$2981,2,FALSE),IF(VALUE(D30)=0,0,VLOOKUP(D30,'Справочник соответствий'!A$2:D$2981,2,FALSE))) -> 0 | K30: =IF(B30="Многоквартирный дом",IF(I30-J30>0,I30-J30,1),I30) -> 2 | L30: =IFERROR(VLOOKUP(C30,'Справочник соответствий'!A$2:D$2981,3,FALSE),IF(VALUE(C30)=0,"ЭТАЖ НЕ ОПРЕДЕЛЕН. ПРИНЯТ ПО ДОПУЩЕНИЮ 1",VLOOKUP(C30,'Справочник соответствий'!A$2:D$2981,3,FALSE))) -> ЭТАЖ ЗАДАН ЧИСЛОМ | M30: =I30=E30 -> FALSE | N30: =IF(VALUE(E30)=0,VALUE(K30),IF(L30="ЭТАЖ НЕ ОПРЕДЕЛЕН. ПРИНЯТ ПО ДОПУЩЕНИЮ 1",VALUE(E30),VALUE(K30))) -> 2 | O30: =IF(VALUE(E30)=0,L30,IF(L30="ЭТАЖ НЕ ОПРЕДЕЛЕН. ПРИНЯТ ПО ДОПУЩЕНИЮ 1",F30,L30)) -> ЭТАЖ ЗАДАН ЧИСЛОМ | P30: =IF(B30="Многоквартирный дом",CONCATENATE("МКД_",O30),O30) -> МКД_ЭТАЖ ЗАДАН ЧИСЛОМ | Q30: =IFERROR(IF(N30>0,IF(N30=VALUE(E30),"ГОТОВ","ГОТОВ_ИЗМЕНЕН"),"НЕ ГОТОВ"),"НЕ ГОТОВ") -> ГОТОВ | R30: =IFERROR(VLOOKUP(P30,Лист1!A$1:B$20,2,FALSE),0) -> 786 | S30: =VALUE(E30) -> 2
A31: 66:52:0107006:494 | B31: Жилой дом | E31: 1 | F31: Значение определено ГБУ СО ЦГКО (допущение по среднему значению для года постройки по кад. Кварталу, материалу, назначению по данным на 01.02.2018) | G31: 17.01.2023 | H31: НЕ ГОТОВ | I31: =IFERROR(VLOOKUP(C31,'Справочник соответствий'!A$2:D$2981,2,FALSE),IF(VALUE(C31)=0,1,VLOOKUP(C31,'Справочник соответствий'!A$2:D$2981,2,FALSE))) -> 1 | J31: =IFERROR(VLOOKUP(D31,'Справочник соответствий'!A$2:D$2981,2,FALSE),IF(VALUE(D31)=0,0,VLOOKUP(D31,'Справочник соответствий'!A$2:D$2981,2,FALSE))) -> 0 | K31: =IF(B31="Многоквартирный дом",IF(I31-J31>0,I31-J31,1),I31) -> 1 | L31: =IFERROR(VLOOKUP(C31,'Справочник соответствий'!A$2:D$2981,3,FALSE),IF(VALUE(C31)=0,"ЭТАЖ НЕ ОПРЕДЕЛЕН. ПРИНЯТ ПО ДОПУЩЕНИЮ 1",VLOOKUP(C31,'Справочник соответствий'!A$2:D$2981,3,FALSE))) -> ЭТАЖ НЕ ОПРЕДЕЛЕН. ПРИНЯТ ПО ДОПУЩЕНИЮ 1 | M31: =I31=E31 -> TRUE | N31: =IF(VALUE(E31)=0,VALUE(K31),IF(L31="ЭТАЖ НЕ ОПРЕДЕЛЕН. ПРИНЯТ ПО ДОПУЩЕНИЮ 1",VALUE(E31),VALUE(K31))) -> 1 | O31: =IF(VALUE(E31)=0,L31,IF(L31="ЭТАЖ НЕ ОПРЕДЕЛЕН. ПРИНЯТ ПО ДОПУЩЕНИЮ 1",F31,L31)) -> Значение определено ГБУ СО ЦГКО (допущение по среднему значению для года постройки по кад. Кварталу, материалу, назначению по данным на 01.02.2018) | P31: =IF(B31="Многоквартирный дом",CONCATENATE("МКД_",O31),O31) -> Значение определено ГБУ СО ЦГКО (допущение по среднему значению для года постройки по кад. Кварталу, материалу, назначению по данным на 01.02.2018) | Q31: =IFERROR(IF(N31>0,IF(N31=VALUE(E31),"ГОТОВ","ГОТОВ_ИЗМЕНЕН"),"НЕ ГОТОВ"),"НЕ ГОТОВ") -> ГОТОВ | R31: =IFERROR(VLOOKUP(P31,Лист1!A$1:B$20,2,FALSE),0) -> 214 | S31: =VALUE(E31) -> 1
A32: 66:62:0201001:633 | B32: Нежилое здание | C32: 1 | E32: 1 | F32: Значение определено ГБУ СО ЦГКО (допущение по среднему значению для года постройки по кад. Кварталу, материалу, назначению по данным на 01.02.2018) | G32: 01.02.2023 | H32: НЕ ГОТОВ | I32: =IFERROR(VLOOKUP(C32,'Справочник соответствий'!A$2:D$2981,2,FALSE),IF(VALUE(C32)=0,1,VLOOKUP(C32,'Справочник соответствий'!A$2:D$2981,2,FALSE))) -> 1 | J32: =IFERROR(VLOOKUP(D32,'Справочник соответствий'!A$2:D$2981,2,FALSE),IF(VALUE(D32)=0,0,VLOOKUP(D32,'Справочник соответствий'!A$2:D$2981,2,FALSE))) -> 0 | K32: =IF(B32="Многоквартирный дом",IF(I32-J32>0,I32-J32,1),I32) -> 1 | L32: =IFERROR(VLOOKUP(C32,'Справочник соответствий'!A$2:D$2981,3,FALSE),IF(VALUE(C32)=0,"ЭТАЖ НЕ ОПРЕДЕЛЕН. ПРИНЯТ ПО ДОПУЩЕНИЮ 1",VLOOKUP(C32,'Справочник соответствий'!A$2:D$2981,3,FALSE))) -> ЭТАЖ ЗАДАН ЧИСЛОМ | M32: =I32=E32 -> FALSE | N32: =IF(VALUE(E32)=0,VALUE(K32),IF(L32="ЭТАЖ НЕ ОПРЕДЕЛЕН. ПРИНЯТ ПО ДОПУЩЕНИЮ 1",VALUE(E32),VALUE(K32))) -> 1 | O32: =IF(VALUE(E32)=0,L32,IF(L32="ЭТАЖ НЕ ОПРЕДЕЛЕН. ПРИНЯТ ПО ДОПУЩЕНИЮ 1",F32,L32)) -> ЭТАЖ ЗАДАН ЧИСЛОМ | P32: =IF(B32="Многоквартирный дом",CONCATENATE("МКД_",O32),O32) -> ЭТАЖ ЗАДАН ЧИСЛОМ | Q32: =IFERROR(IF(N32>0,IF(N32=VALUE(E32),"ГОТОВ","ГОТОВ_ИЗМЕНЕН"),"НЕ ГОТОВ"),"НЕ ГОТОВ") -> ГОТОВ | R32: =IFERROR(VLOOKUP(P32,Лист1!A$1:B$20,2,FALSE),0) -> 784 | S32: =VALUE(E32) -> 1
A33: 66:59:0201001:535 | B33: Жилой дом | C33: 2 | E33: 1 | F33: Значение определено ГБУ СО ЦГКО (допущение по среднему значению для года постройки по кад. Кварталу, материалу, назначению по данным на 01.02.2018) | G33: 20.01.2023 | H33: НЕ ГОТОВ | I33: =IFERROR(VLOOKUP(C33,'Справочник соответствий'!A$2:D$2981,2,FALSE),IF(VALUE(C33)=0,1,VLOOKUP(C33,'Справочник соответствий'!A$2:D$2981,2,FALSE))) -> 2 | J33: =IFERROR(VLOOKUP(D33,'Справочник соответствий'!A$2:D$2981,2,FALSE),IF(VALUE(D33)=0,0,VLOOKUP(D33,'Справочник соответствий'!A$2:D$2981,2,FALSE))) -> 0 | K33: =IF(B33="Многоквартирный дом",IF(I33-J33>0,I33-J33,1),I33) -> 2 | L33: =IFERROR(VLOOKUP(C33,'Справочник соответствий'!A$2:D$2981,3,FALSE),IF(VALUE(C33)=0,"ЭТАЖ НЕ ОПРЕДЕЛЕН. ПРИНЯТ ПО ДОПУЩЕНИЮ 1",VLOOKUP(C33,'Справочник соответствий'!A$2:D$2981,3,FALSE))) -> ЭТАЖ ЗАДАН ЧИСЛОМ | M33: =I33=E33 -> FALSE | N33: =IF(VALUE(E33)=0,VALUE(K33),IF(L33="ЭТАЖ НЕ ОПРЕДЕЛЕН. ПРИНЯТ ПО ДОПУЩЕНИЮ 1",VALUE(E33),VALUE(K33))) -> 2 | O33: =IF(VALUE(E33)=0,L33,IF(L33="ЭТАЖ НЕ ОПРЕДЕЛЕН. ПРИНЯТ ПО ДОПУЩЕНИЮ 1",F33,L33)) -> ЭТАЖ ЗАДАН ЧИСЛОМ | P33: =IF(B33="Многоквартирный дом",CONCATENATE("МКД_",O33),O33) -> ЭТАЖ ЗАДАН ЧИСЛОМ | Q33: =IFERROR(IF(N33>0,IF(N33=VALUE(E33),"ГОТОВ","ГОТОВ_ИЗМЕНЕН"),"НЕ ГОТОВ"),"НЕ ГОТОВ") -> ГОТОВ_ИЗМЕНЕН | R33: =IFERROR(VLOOKUP(P33,Лист1!A$1:B$20,2,FALSE),0) -> 784 | S33: =VALUE(E33) -> 1
A34: 66:52:0107004:661 | B34: Жилой дом | C34: 1 | E34: 1 | F34: Значение определено ГБУ СО ЦГКО (допущение по среднему значению для года постройки по кад. Кварталу, материалу, назначению по данным на 01.02.2018) | G34: 17.01.2023 | H34: НЕ ГОТОВ | I34: =IFERROR(VLOOKUP(C34,'Справочник соответствий'!A$2:D$2981,2,FALSE),IF(VALUE(C34)=0,1,VLOOKUP(C34,'Справочник соответствий'!A$2:D$2981,2,FALSE))) -> 1 | J34: =IFERROR(VLOOKUP(D34,'Справочник соответствий'!A$2:D$2981,2,FALSE),IF(VALUE(D34)=0,0,VLOOKUP(D34,'Справочник соответствий'!A$2:D$2981,2,FALSE))) -> 0 | K34: =IF(B34="Многоквартирный дом",IF(I34-J34>0,I34-J34,1),I34) -> 1 | L34: =IFERROR(VLOOKUP(C34,'Справочник соответствий'!A$2:D$2981,3,FALSE),IF(VALUE(C34)=0,"ЭТАЖ НЕ ОПРЕДЕЛЕН. ПРИНЯТ ПО ДОПУЩЕНИЮ 1",VLOOKUP(C34,'Справочник соответствий'!A$2:D$2981,3,FALSE))) -> ЭТАЖ ЗАДАН ЧИСЛОМ | M34: =I34=E34 -> FALSE | N34: =IF(VALUE(E34)=0,VALUE(K34),IF(L34="ЭТАЖ НЕ ОПРЕДЕЛЕН. ПРИНЯТ ПО ДОПУЩЕНИЮ 1",VALUE(E34),VALUE(K34))) -> 1 | O34: =IF(VALUE(E34)=0,L34,IF(L34="ЭТАЖ НЕ ОПРЕДЕЛЕН. ПРИНЯТ ПО ДОПУЩЕНИЮ 1",F34,L34)) -> ЭТАЖ ЗАДАН ЧИСЛОМ | P34: =IF(B34="Многоквартирный дом",CONCATENATE("МКД_",O34),O34) -> ЭТАЖ ЗАДАН ЧИСЛОМ | Q34: =IFERROR(IF(N34>0,IF(N34=VALUE(E34),"ГОТОВ","ГОТОВ_ИЗМЕНЕН"),"НЕ ГОТОВ"),"НЕ ГОТОВ") -> ГОТОВ | R34: =IFERROR(VLOOKUP(P34,Лист1!A$1:B$20,2,FALSE),0) -> 784 | S34: =VALUE(E34) -> 1
A35: 66:52:0107002:895 | B35: Жилой дом | C35: 1 | D35: 0 | E35: 1 | F35: Значение определено ГБУ СО ЦГКО (допущение по среднему значению для года постройки по кад. Кварталу, материалу, назначению по данным на 01.02.2018) | G35: 31.01.2023 | H35: НЕ ГОТОВ | I35: =IFERROR(VLOOKUP(C35,'Справочник соответствий'!A$2:D$2981,2,FALSE),IF(VALUE(C35)=0,1,VLOOKUP(C35,'Справочник соответствий'!A$2:D$2981,2,FALSE))) -> 1 | J35: =IFERROR(VLOOKUP(D35,'Справочник соответствий'!A$2:D$2981,2,FALSE),IF(VALUE(D35)=0,0,VLOOKUP(D35,'Справочник соответствий'!A$2:D$2981,2,FALSE))) -> 1 | K35: =IF(B35="Многоквартирный дом",IF(I35-J35>0,I35-J35,1),I35) -> 1 | L35: =IFERROR(VLOOKUP(C35,'Справочник соответствий'!A$2:D$2981,3,FALSE),IF(VALUE(C35)=0,"ЭТАЖ НЕ ОПРЕДЕЛЕН. ПРИНЯТ ПО ДОПУЩЕНИЮ 1",VLOOKUP(C35,'Справочник соответствий'!A$2:D$2981,3,FALSE))) -> ЭТАЖ ЗАДАН ЧИСЛОМ | M35: =I35=E35 -> FALSE | N35: =IF(VALUE(E35)=0,VALUE(K35),IF(L35="ЭТАЖ НЕ ОПРЕДЕЛЕН. ПРИНЯТ ПО ДОПУЩЕНИЮ 1",VALUE(E35),VALUE(K35))) -> 1 | O35: =IF(VALUE(E35)=0,L35,IF(L35="ЭТАЖ НЕ ОПРЕДЕЛЕН. ПРИНЯТ ПО ДОПУЩЕНИЮ 1",F35,L35)) -> ЭТАЖ ЗАДАН ЧИСЛОМ | P35: =IF(B35="Многоквартирный дом",CONCATENATE("МКД_",O35),O35) -> ЭТАЖ ЗАДАН ЧИСЛОМ | Q35: =IFERROR(IF(N35>0,IF(N35=VALUE(E35),"ГОТОВ","ГОТОВ_ИЗМЕНЕН"),"НЕ ГОТОВ"),"НЕ ГОТОВ") -> ГОТОВ | R35: =IFERROR(VLOOKUP(P35,Лист1!A$1:B$20,2,FALSE),0) -> 784 | S35: =VALUE(E35) -> 1
A36: 66:52:0107004:627 | B36: Жилой дом | C36: 1 | E36: 1 | F36: Значение определено ГБУ СО ЦГКО (допущение по среднему значению для года постройки по кад. Кварталу, материалу, назначению по данным на 01.02.2018) | G36: 17.01.2023 | H36: НЕ ГОТОВ | I36: =IFERROR(VLOOKUP(C36,'Справочник соответствий'!A$2:D$2981,2,FALSE),IF(VALUE(C36)=0,1,VLOOKUP(C36,'Справочник соответствий'!A$2:D$2981,2,FALSE))) -> 1 | J36: =IFERROR(VLOOKUP(D36,'Справочник соответствий'!A$2:D$2981,2,FALSE),IF(VALUE(D36)=0,0,VLOOKUP(D36,'Справочник соответствий'!A$2:D$2981,2,FALSE))) -> 0 | K36: =IF(B36="Многоквартирный дом",IF(I36-J36>0,I36-J36,1),I36) -> 1 | L36: =IFERROR(VLOOKUP(C36,'Справочник соответствий'!A$2:D$2981,3,FALSE),IF(VALUE(C36)=0,"ЭТАЖ НЕ ОПРЕДЕЛЕН. ПРИНЯТ ПО ДОПУЩЕНИЮ 1",VLOOKUP(C36,'Справочник соответствий'!A$2:D$2981,3,FALSE))) -> ЭТАЖ ЗАДАН ЧИСЛОМ | M36: =I36=E36 -> FALSE | N36: =IF(VALUE(E36)=0,VALUE(K36),IF(L36="ЭТАЖ НЕ ОПРЕДЕЛЕН. ПРИНЯТ ПО ДОПУЩЕНИЮ 1",VALUE(E36),VALUE(K36))) -> 1 | O36: =IF(VALUE(E36)=0,L36,IF(L36="ЭТАЖ НЕ ОПРЕДЕЛЕН. ПРИНЯТ ПО ДОПУЩЕНИЮ 1",F36,L36)) -> ЭТАЖ ЗАДАН ЧИСЛОМ | P36: =IF(B36="Многоквартирный дом",CONCATENATE("МКД_",O36),O36) -> ЭТАЖ ЗАДАН ЧИСЛОМ | Q36: =IFERROR(IF(N36>0,IF(N36=VALUE(E36),"ГОТОВ","ГОТОВ_ИЗМЕНЕН"),"НЕ ГОТОВ"),"НЕ ГОТОВ") -> ГОТОВ | R36: =IFERROR(VLOOKUP(P36,Лист1!A$1:B$20,2,FALSE),0) -> 784 | S36: =VALUE(E36) -> 1
A37: 66:04:1401003:282 | B37: Жилой дом | C37: 1 | E37: 1 | F37: Значение определено ГБУ СО ЦГКО (допущение по среднему значению для года постройки по кад. Кварталу, материалу, назначению по данным на 01.02.2018) | G37: 31.01.2023 | H37: НЕ ГОТОВ | I37: =IFERROR(VLOOKUP(C37,'Справочник соответствий'!A$2:D$2981,2,FALSE),IF(VALUE(C37)=0,1,VLOOKUP(C37,'Справочник соответствий'!A$2:D$2981,2,FALSE))) -> 1 | J37: =IFERROR(VLOOKUP(D37,'Справочник соответствий'!A$2:D$2981,2,FALSE),IF(VALUE(D37)=0,0,VLOOKUP(D37,'Справочник соответствий'!A$2:D$2981,2,FALSE))) -> 0 | K37: =IF(B37="Многоквартирный дом",IF(I37-J37>0,I37-J37,1),I37) -> 1 | L37: =IFERROR(VLOOKUP(C37,'Справочник соответствий'!A$2:D$2981,3,FALSE),IF(VALUE(C37)=0,"ЭТАЖ НЕ ОПРЕДЕЛЕН. ПРИНЯТ ПО ДОПУЩЕНИЮ 1",VLOOKUP(C37,'Справочник соответствий'!A$2:D$2981,3,FALSE))) -> ЭТАЖ ЗАДАН ЧИСЛОМ | M37: =I37=E37 -> FALSE | N37: =IF(VALUE(E37)=0,VALUE(K37),IF(L37="ЭТАЖ НЕ ОПРЕДЕЛЕН. ПРИНЯТ ПО ДОПУЩЕНИЮ 1",VALUE(E37),VALUE(K37))) -> 1 | O37: =IF(VALUE(E37)=0,L37,IF(L37="ЭТАЖ НЕ ОПРЕДЕЛЕН. ПРИНЯТ ПО ДОПУЩЕНИЮ 1",F37,L37)) -> ЭТАЖ ЗАДАН ЧИСЛОМ | P37: =IF(B37="Многоквартирный дом",CONCATENATE("МКД_",O37),O37) -> ЭТАЖ ЗАДАН ЧИСЛОМ | Q37: =IFERROR(IF(N37>0,IF(N37=VALUE(E37),"ГОТОВ","ГОТОВ_ИЗМЕНЕН"),"НЕ ГОТОВ"),"НЕ ГОТОВ") -> ГОТОВ | R37: =IFERROR(VLOOKUP(P37,Лист1!A$1:B$20,2,FALSE),0) -> 784 | S37: =VALUE(E37) -> 1
A38: 66:02:1701001:1222 | B38: Нежилое здание | C38: 1 | E38: 1 | F38: Значение определено ГБУ СО ЦГКО (допущение по среднему значению для года постройки по кад. Кварталу, материалу, назначению по данным на 01.02.2018) | G38: 21.12.2022 | H38: НЕ ГОТОВ | I38: =IFERROR(VLOOKUP(C38,'Справочник соответствий'!A$2:D$2981,2,FALSE),IF(VALUE(C38)=0,1,VLOOKUP(C38,'Справочник соответствий'!A$2:D$2981,2,FALSE))) -> 1 | J38: =IFERROR(VLOOKUP(D38,'Справочник соответствий'!A$2:D$2981,2,FALSE),IF(VALUE(D38)=0,0,VLOOKUP(D38,'Справочник соответствий'!A$2:D$2981,2,FALSE))) -> 0 | K38: =IF(B38="Многоквартирный дом",IF(I38-J38>0,I38-J38,1),I38) -> 1 | L38: =IFERROR(VLOOKUP(C38,'Справочник соответствий'!A$2:D$2981,3,FALSE),IF(VALUE(C38)=0,"ЭТАЖ НЕ ОПРЕДЕЛЕН. ПРИНЯТ ПО ДОПУЩЕНИЮ 1",VLOOKUP(C38,'Справочник соответствий'!A$2:D$2981,3,FALSE))) -> ЭТАЖ ЗАДАН ЧИСЛОМ | M38: =I38=E38 -> FALSE | N38: =IF(VALUE(E38)=0,VALUE(K38),IF(L38="ЭТАЖ НЕ ОПРЕДЕЛЕН. ПРИНЯТ ПО ДОПУЩЕНИЮ 1",VALUE(E38),VALUE(K38))) -> 1 | O38: =IF(VALUE(E38)=0,L38,IF(L38="ЭТАЖ НЕ ОПРЕДЕЛЕН. ПРИНЯТ ПО ДОПУЩЕНИЮ 1",F38,L38)) -> ЭТАЖ ЗАДАН ЧИСЛОМ | P38: =IF(B38="Многоквартирный дом",CONCATENATE("МКД_",O38),O38) -> ЭТАЖ ЗАДАН ЧИСЛОМ | Q38: =IFERROR(IF(N38>0,IF(N38=VALUE(E38),"ГОТОВ","ГОТОВ_ИЗМЕНЕН"),"НЕ ГОТОВ"),"НЕ ГОТОВ") -> ГОТОВ | R38: =IFERROR(VLOOKUP(P38,Лист1!A$1:B$20,2,FALSE),0) -> 784 | S38: =VALUE(E38) -> 1
A39: 66:01:3601001:319 | B39: Жилой дом | C39: 1 | E39: 1 | F39: Значение определено ГБУ СО ЦГКО (допущение по среднему значению для года постройки по кад. Кварталу, материалу, назначению по данным на 01.02.2018) | G39: 26.12.2022 | H39: НЕ ГОТОВ | I39: =IFERROR(VLOOKUP(C39,'Справочник соответствий'!A$2:D$2981,2,FALSE),IF(VALUE(C39)=0,1,VLOOKUP(C39,'Справочник соответствий'!A$2:D$2981,2,FALSE))) -> 1 | J39: =IFERROR(VLOOKUP(D39,'Справочник соответствий'!A$2:D$2981,2,FALSE),IF(VALUE(D39)=0,0,VLOOKUP(D39,'Справочник соответствий'!A$2:D$2981,2,FALSE))) -> 0 | K39: =IF(B39="Многоквартирный дом",IF(I39-J39>0,I39-J39,1),I39) -> 1 | L39: =IFERROR(VLOOKUP(C39,'Справочник соответствий'!A$2:D$2981,3,FALSE),IF(VALUE(C39)=0,"ЭТАЖ НЕ ОПРЕДЕЛЕН. ПРИНЯТ ПО ДОПУЩЕНИЮ 1",VLOOKUP(C39,'Справочник соответствий'!A$2:D$2981,3,FALSE))) -> ЭТАЖ ЗАДАН ЧИСЛОМ | M39: =I39=E39 -> FALSE | N39: =IF(VALUE(E39)=0,VALUE(K39),IF(L39="ЭТАЖ НЕ ОПРЕДЕЛЕН. ПРИНЯТ ПО ДОПУЩЕНИЮ 1",VALUE(E39),VALUE(K39))) -> 1 | O39: =IF(VALUE(E39)=0,L39,IF(L39="ЭТАЖ НЕ ОПРЕДЕЛЕН. ПРИНЯТ ПО ДОПУЩЕНИЮ 1",F39,L39)) -> ЭТАЖ ЗАДАН ЧИСЛОМ | P39: =IF(B39="Многоквартирный дом",CONCATENATE("МКД_",O39),O39) -> ЭТАЖ ЗАДАН ЧИСЛОМ | Q39: =IFERROR(IF(N39>0,IF(N39=VALUE(E39),"ГОТОВ","ГОТОВ_ИЗМЕНЕН"),"НЕ ГОТОВ"),"НЕ ГОТОВ") -> ГОТОВ | R39: =IFERROR(VLOOKUP(P39,Лист1!A$1:B$20,2,FALSE),0) -> 784 | S39: =VALUE(E39) -> 1
A40: 66:19:0000000:7875 | B40: Нежилое здание | C40: 1 | E40: 1 | F40: Значение определено ГБУ СО ЦГКО (допущение по среднему значению для года постройки по кад. Кварталу, материалу, назначению по данным на 01.02.2018) | G40: 17.02.2023 | H40: НЕ ГОТОВ | I40: =IFERROR(VLOOKUP(C40,'Справочник соответствий'!A$2:D$2981,2,FALSE),IF(VALUE(C40)=0,1,VLOOKUP(C40,'Справочник соответствий'!A$2:D$2981,2,FALSE))) -> 1 | J40: =IFERROR(VLOOKUP(D40,'Справочник соответствий'!A$2:D$2981,2,FALSE),IF(VALUE(D40)=0,0,VLOOKUP(D40,'Справочник соответствий'!A$2:D$2981,2,FALSE))) -> 0 | K40: =IF(B40="Многоквартирный дом",IF(I40-J40>0,I40-J40,1),I40) -> 1 | L40: =IFERROR(VLOOKUP(C40,'Справочник соответствий'!A$2:D$2981,3,FALSE),IF(VALUE(C40)=0,"ЭТАЖ НЕ ОПРЕДЕЛЕН. ПРИНЯТ ПО ДОПУЩЕНИЮ 1",VLOOKUP(C40,'Справочник соответствий'!A$2:D$2981,3,FALSE))) -> ЭТАЖ ЗАДАН ЧИСЛОМ | M40: =I40=E40 -> FALSE | N40: =IF(VALUE(E40)=0,VALUE(K40),IF(L40="ЭТАЖ НЕ ОПРЕДЕЛЕН. ПРИНЯТ ПО ДОПУЩЕНИЮ 1",VALUE(E40),VALUE(K40))) -> 1 | O40: =IF(VALUE(E40)=0,L40,IF(L40="ЭТАЖ НЕ ОПРЕДЕЛЕН. ПРИНЯТ ПО ДОПУЩЕНИЮ 1",F40,L40)) -> ЭТАЖ ЗАДАН ЧИСЛОМ | P40: =IF(B40="Многоквартирный дом",CONCATENATE("МКД_",O40),O40) -> ЭТАЖ ЗАДАН ЧИСЛОМ | Q40: =IFERROR(IF(N40>0,IF(N40=VALUE(E40),"ГОТОВ","ГОТОВ_ИЗМЕНЕН"),"НЕ ГОТОВ"),"НЕ ГОТОВ") -> ГОТОВ | R40: =IFERROR(VLOOKUP(P40,Лист1!A$1:B$20,2,FALSE),0) -> 784 | S40: =VALUE(E40) -> 1
A41: 66:27:1102046:306 | B41: Жилой дом | C41: 1 | E41: 1 | F41: Значение определено ГБУ СО ЦГКО (допущение по среднему значению для года постройки по кад. Кварталу, материалу, назначению по данным на 01.02.2018) | G41: 03.02.2023 | H41: НЕ ГОТОВ | I41: =IFERROR(VLOOKUP(C41,'Справочник соответствий'!A$2:D$2981,2,FALSE),IF(VALUE(C41)=0,1,VLOOKUP(C41,'Справочник соответствий'!A$2:D$2981,2,FALSE))) -> 1 | J41: =IFERROR(VLOOKUP(D41,'Справочник соответствий'!A$2:D$2981,2,FALSE),IF(VALUE(D41)=0,0,VLOOKUP(D41,'Справочник соответствий'!A$2:D$2981,2,FALSE))) -> 0 | K41: =IF(B41="Многоквартирный дом",IF(I41-J41>0,I41-J41,1),I41) -> 1 | L41: =IFERROR(VLOOKUP(C41,'Справочник соответствий'!A$2:D$2981,3,FALSE),IF(VALUE(C41)=0,"ЭТАЖ НЕ ОПРЕДЕЛЕН. ПРИНЯТ ПО ДОПУЩЕНИЮ 1",VLOOKUP(C41,'Справочник соответствий'!A$2:D$2981,3,FALSE))) -> ЭТАЖ ЗАДАН ЧИСЛОМ | M41: =I41=E41 -> FALSE | N41: =IF(VALUE(E41)=0,VALUE(K41),IF(L41="ЭТАЖ НЕ ОПРЕДЕЛЕН. ПРИНЯТ ПО ДОПУЩЕНИЮ 1",VALUE(E41),VALUE(K41))) -> 1 | O41: =IF(VALUE(E41)=0,L41,IF(L41="ЭТАЖ НЕ ОПРЕДЕЛЕН. ПРИНЯТ ПО ДОПУЩЕНИЮ 1",F41,L41)) -> ЭТАЖ ЗАДАН ЧИСЛОМ | P41: =IF(B41="Многоквартирный дом",CONCATENATE("МКД_",O41),O41) -> ЭТАЖ ЗАДАН ЧИСЛОМ | Q41: =IFERROR(IF(N41>0,IF(N41=VALUE(E41),"ГОТОВ","ГОТОВ_ИЗМЕНЕН"),"НЕ ГОТОВ"),"НЕ ГОТОВ") -> ГОТОВ | R41: =IFERROR(VLOOKUP(P41,Лист1!A$1:B$20,2,FALSE),0) -> 784 | S41: =VALUE(E41) -> 1
A42: 66:36:3101009:629 | B42: Нежилое здание | C42: 1 | E42: 1 | F42: Значение определено ГБУ СО ЦГКО (допущение по среднему значению для года постройки по кад. Кварталу, материалу, назначению по данным на 01.02.2018) | G42: 31.01.2023 | H42: НЕ ГОТОВ | I42: =IFERROR(VLOOKUP(C42,'Справочник соответствий'!A$2:D$2981,2,FALSE),IF(VALUE(C42)=0,1,VLOOKUP(C42,'Справочник соответствий'!A$2:D$2981,2,FALSE))) -> 1 | J42: =IFERROR(VLOOKUP(D42,'Справочник соответствий'!A$2:D$2981,2,FALSE),IF(VALUE(D42)=0,0,VLOOKUP(D42,'Справочник соответствий'!A$2:D$2981,2,FALSE))) -> 0 | K42: =IF(B42="Многоквартирный дом",IF(I42-J42>0,I42-J42,1),I42) -> 1 | L42: =IFERROR(VLOOKUP(C42,'Справочник соответствий'!A$2:D$2981,3,FALSE),IF(VALUE(C42)=0,"ЭТАЖ НЕ ОПРЕДЕЛЕН. ПРИНЯТ ПО ДОПУЩЕНИЮ 1",VLOOKUP(C42,'Справочник соответствий'!A$2:D$2981,3,FALSE))) -> ЭТАЖ ЗАДАН ЧИСЛОМ | M42: =I42=E42 -> FALSE | N42: =IF(VALUE(E42)=0,VALUE(K42),IF(L42="ЭТАЖ НЕ ОПРЕДЕЛЕН. ПРИНЯТ ПО ДОПУЩЕНИЮ 1",VALUE(E42),VALUE(K42))) -> 1 | O42: =IF(VALUE(E42)=0,L42,IF(L42="ЭТАЖ НЕ ОПРЕДЕЛЕН. ПРИНЯТ ПО ДОПУЩЕНИЮ 1",F42,L42)) -> ЭТАЖ ЗАДАН ЧИСЛОМ | P42: =IF(B42="Многоквартирный дом",CONCATENATE("МКД_",O42),O42) -> ЭТАЖ ЗАДАН ЧИСЛОМ | Q42: =IFERROR(IF(N42>0,IF(N42=VALUE(E42),"ГОТОВ","ГОТОВ_ИЗМЕНЕН"),"НЕ ГОТОВ"),"НЕ ГОТОВ") -> ГОТОВ | R42: =IFERROR(VLOOKUP(P42,Лист1!A$1:B$20,2,FALSE),0) -> 784 | S42: =VALUE(E42) -> 1
A43: 66:56:0301001:621 | B43: Нежилое здание | C43: 1 | G43: 19.01.2023 | H43: НЕ ГОТОВ | I43: =IFERROR(VLOOKUP(C43,'Справочник соответствий'!A$2:D$2981,2,FALSE),IF(VALUE(C43)=0,1,VLOOKUP(C43,'Справочник соответствий'!A$2:D$2981,2,FALSE))) -> 1 | J43: =IFERROR(VLOOKUP(D43,'Справочник соответствий'!A$2:D$2981,2,FALSE),IF(VALUE(D43)=0,0,VLOOKUP(D43,'Справочник соответствий'!A$2:D$2981,2,FALSE))) -> 0 | K43: =IF(B43="Многоквартирный дом",IF(I43-J43>0,I43-J43,1),I43) -> 1 | L43: =IFERROR(VLOOKUP(C43,'Справочник соответствий'!A$2:D$2981,3,FALSE),IF(VALUE(C43)=0,"ЭТАЖ НЕ ОПРЕДЕЛЕН. ПРИНЯТ ПО ДОПУЩЕНИЮ 1",VLOOKUP(C43,'Справочник соответствий'!A$2:D$2981,3,FALSE))) -> ЭТАЖ ЗАДАН ЧИСЛОМ | M43: =I43=E43 -> FALSE | N43: =IF(VALUE(E43)=0,VALUE(K43),IF(L43="ЭТАЖ НЕ ОПРЕДЕЛЕН. ПРИНЯТ ПО ДОПУЩЕНИЮ 1",VALUE(E43),VALUE(K43))) -> 1 | O43: =IF(VALUE(E43)=0,L43,IF(L43="ЭТАЖ НЕ ОПРЕДЕЛЕН. ПРИНЯТ ПО ДОПУЩЕНИЮ 1",F43,L43)) -> ЭТАЖ ЗАДАН ЧИСЛОМ | P43: =IF(B43="Многоквартирный дом",CONCATENATE("МКД_",O43),O43) -> ЭТАЖ ЗАДАН ЧИСЛОМ | Q43: =IFERROR(IF(N43>0,IF(N43=VALUE(E43),"ГОТОВ","ГОТОВ_ИЗМЕНЕН"),"НЕ ГОТОВ"),"НЕ ГОТОВ") -> ГОТОВ_ИЗМЕНЕН | R43: =IFERROR(VLOOKUP(P43,Лист1!A$1:B$20,2,FALSE),0) -> 784 | S43: =VALUE(E43) -> 0
A44: 66:25:2721002:4661 | B44: Жилой дом | C44: 1 | G44: 27.01.2023 | H44: НЕ ГОТОВ | I44: =IFERROR(VLOOKUP(C44,'Справочник соответствий'!A$2:D$2981,2,FALSE),IF(VALUE(C44)=0,1,VLOOKUP(C44,'Справочник соответствий'!A$2:D$2981,2,FALSE))) -> 1 | J44: =IFERROR(VLOOKUP(D44,'Справочник соответствий'!A$2:D$2981,2,FALSE),IF(VALUE(D44)=0,0,VLOOKUP(D44,'Справочник соответствий'!A$2:D$2981,2,FALSE))) -> 0 | K44: =IF(B44="Многоквартирный дом",IF(I44-J44>0,I44-J44,1),I44) -> 1 | L44: =IFERROR(VLOOKUP(C44,'Справочник соответствий'!A$2:D$2981,3,FALSE),IF(VALUE(C44)=0,"ЭТАЖ НЕ ОПРЕДЕЛЕН. ПРИНЯТ ПО ДОПУЩЕНИЮ 1",VLOOKUP(C44,'Справочник соответствий'!A$2:D$2981,3,FALSE))) -> ЭТАЖ ЗАДАН ЧИСЛОМ | M44: =I44=E44 -> FALSE | N44: =IF(VALUE(E44)=0,VALUE(K44),IF(L44="ЭТАЖ НЕ ОПРЕДЕЛЕН. ПРИНЯТ ПО ДОПУЩЕНИЮ 1",VALUE(E44),VALUE(K44))) -> 1 | O44: =IF(VALUE(E44)=0,L44,IF(L44="ЭТАЖ НЕ ОПРЕДЕЛЕН. ПРИНЯТ ПО ДОПУЩЕНИЮ 1",F44,L44)) -> ЭТАЖ ЗАДАН ЧИСЛОМ | P44: =IF(B44="Многоквартирный дом",CONCATENATE("МКД_",O44),O44) -> ЭТАЖ ЗАДАН ЧИСЛОМ | Q44: =IFERROR(IF(N44>0,IF(N44=VALUE(E44),"ГОТОВ","ГОТОВ_ИЗМЕНЕН"),"НЕ ГОТОВ"),"НЕ ГОТОВ") -> ГОТОВ_ИЗМЕНЕН | R44: =IFERROR(VLOOKUP(P44,Лист1!A$1:B$20,2,FALSE),0) -> 784 | S44: =VALUE(E44) -> 0
A45: 66:22:2001001:1906 | B45: Жилой дом | C45: 1 | G45: 27.01.2023 | H45: НЕ ГОТОВ | I45: =IFERROR(VLOOKUP(C45,'Справочник соответствий'!A$2:D$2981,2,FALSE),IF(VALUE(C45)=0,1,VLOOKUP(C45,'Справочник соответствий'!A$2:D$2981,2,FALSE))) -> 1 | J45: =IFERROR(VLOOKUP(D45,'Справочник соответствий'!A$2:D$2981,2,FALSE),IF(VALUE(D45)=0,0,VLOOKUP(D45,'Справочник соответствий'!A$2:D$2981,2,FALSE))) -> 0 | K45: =IF(B45="Многоквартирный дом",IF(I45-J45>0,I45-J45,1),I45) -> 1 | L45: =IFERROR(VLOOKUP(C45,'Справочник соответствий'!A$2:D$2981,3,FALSE),IF(VALUE(C45)=0,"ЭТАЖ НЕ ОПРЕДЕЛЕН. ПРИНЯТ ПО ДОПУЩЕНИЮ 1",VLOOKUP(C45,'Справочник соответствий'!A$2:D$2981,3,FALSE))) -> ЭТАЖ ЗАДАН ЧИСЛОМ | M45: =I45=E45 -> FALSE | N45: =IF(VALUE(E45)=0,VALUE(K45),IF(L45="ЭТАЖ НЕ ОПРЕДЕЛЕН. ПРИНЯТ ПО ДОПУЩЕНИЮ 1",VALUE(E45),VALUE(K45))) -> 1 | O45: =IF(VALUE(E45)=0,L45,IF(L45="ЭТАЖ НЕ ОПРЕДЕЛЕН. ПРИНЯТ ПО ДОПУЩЕНИЮ 1",F45,L45)) -> ЭТАЖ ЗАДАН ЧИСЛОМ | P45: =IF(B45="Многоквартирный дом",CONCATENATE("МКД_",O45),O45) -> ЭТАЖ ЗАДАН ЧИСЛОМ | Q45: =IFERROR(IF(N45>0,IF(N45=VALUE(E45),"ГОТОВ","ГОТОВ_ИЗМЕНЕН"),"НЕ ГОТОВ"),"НЕ ГОТОВ") -> ГОТОВ_ИЗМЕНЕН | R45: =IFERROR(VLOOKUP(P45,Лист1!A$1:B$20,2,FALSE),0) -> 784 | S45: =VALUE(E45) -> 0
A46: 66:59:0203002:2078 | B46: Жилой дом | C46: 2 | G46: 27.01.2023 | H46: НЕ ГОТОВ | I46: =IFERROR(VLOOKUP(C46,'Справочник соответствий'!A$2:D$2981,2,FALSE),IF(VALUE(C46)=0,1,VLOOKUP(C46,'Справочник соответствий'!A$2:D$2981,2,FALSE))) -> 2 | J46: =IFERROR(VLOOKUP(D46,'Справочник соответствий'!A$2:D$2981,2,FALSE),IF(VALUE(D46)=0,0,VLOOKUP(D46,'Справочник соответствий'!A$2:D$2981,2,FALSE))) -> 0 | K46: =IF(B46="Многоквартирный дом",IF(I46-J46>0,I46-J46,1),I46) -> 2 | L46: =IFERROR(VLOOKUP(C46,'Справочник соответствий'!A$2:D$2981,3,FALSE),IF(VALUE(C46)=0,"ЭТАЖ НЕ ОПРЕДЕЛЕН. ПРИНЯТ ПО ДОПУЩЕНИЮ 1",VLOOKUP(C46,'Справочник соответствий'!A$2:D$2981,3,FALSE))) -> ЭТАЖ ЗАДАН ЧИСЛОМ | M46: =I46=E46 -> FALSE | N46: =IF(VALUE(E46)=0,VALUE(K46),IF(L46="ЭТАЖ НЕ ОПРЕДЕЛЕН. ПРИНЯТ ПО ДОПУЩЕНИЮ 1",VALUE(E46),VALUE(K46))) -> 2 | O46: =IF(VALUE(E46)=0,L46,IF(L46="ЭТАЖ НЕ ОПРЕДЕЛЕН. ПРИНЯТ ПО ДОПУЩЕНИЮ 1",F46,L46)) -> ЭТАЖ ЗАДАН ЧИСЛОМ | P46: =IF(B46="Многоквартирный дом",CONCATENATE("МКД_",O46),O46) -> ЭТАЖ ЗАДАН ЧИСЛОМ | Q46: =IFERROR(IF(N46>0,IF(N46=VALUE(E46),"ГОТОВ","ГОТОВ_ИЗМЕНЕН"),"НЕ ГОТОВ"),"НЕ ГОТОВ") -> ГОТОВ_ИЗМЕНЕН | R46: =IFERROR(VLOOKUP(P46,Лист1!A$1:B$20,2,FALSE),0) -> 784 | S46: =VALUE(E46) -> 0
A47: 66:25:1201024:589 | B47: Нежилое здание | C47: 1 | G47: 27.01.2023 | H47: НЕ ГОТОВ | I47: =IFERROR(VLOOKUP(C47,'Справочник соответствий'!A$2:D$2981,2,FALSE),IF(VALUE(C47)=0,1,VLOOKUP(C47,'Справочник соответствий'!A$2:D$2981,2,FALSE))) -> 1 | J47: =IFERROR(VLOOKUP(D47,'Справочник соответствий'!A$2:D$2981,2,FALSE),IF(VALUE(D47)=0,0,VLOOKUP(D47,'Справочник соответствий'!A$2:D$2981,2,FALSE))) -> 0 | K47: =IF(B47="Многоквартирный дом",IF(I47-J47>0,I47-J47,1),I47) -> 1 | L47: =IFERROR(VLOOKUP(C47,'Справочник соответствий'!A$2:D$2981,3,FALSE),IF(VALUE(C47)=0,"ЭТАЖ НЕ ОПРЕДЕЛЕН. ПРИНЯТ ПО ДОПУЩЕНИЮ 1",VLOOKUP(C47,'Справочник соответствий'!A$2:D$2981,3,FALSE))) -> ЭТАЖ ЗАДАН ЧИСЛОМ | M47: =I47=E47 -> FALSE | N47: =IF(VALUE(E47)=0,VALUE(K47),IF(L47="ЭТАЖ НЕ ОПРЕДЕЛЕН. ПРИНЯТ ПО ДОПУЩЕНИЮ 1",VALUE(E47),VALUE(K47))) -> 1 | O47: =IF(VALUE(E47)=0,L47,IF(L47="ЭТАЖ НЕ ОПРЕДЕЛЕН. ПРИНЯТ ПО ДОПУЩЕНИЮ 1",F47,L47)) -> ЭТАЖ ЗАДАН ЧИСЛОМ | P47: =IF(B47="Многоквартирный дом",CONCATENATE("МКД_",O47),O47) -> ЭТАЖ ЗАДАН ЧИСЛОМ | Q47: =IFERROR(IF(N47>0,IF(N47=VALUE(E47),"ГОТОВ","ГОТОВ_ИЗМЕНЕН"),"НЕ ГОТОВ"),"НЕ ГОТОВ") -> ГОТОВ_ИЗМЕНЕН | R47: =IFERROR(VLOOKUP(P47,Лист1!A$1:B$20,2,FALSE),0) -> 784 | S47: =VALUE(E47) -> 0
A48: 66:25:3501001:241 | B48: Нежилое здание | C48: 1 | G48: 27.01.2023 | H48: НЕ ГОТОВ | I48: =IFERROR(VLOOKUP(C48,'Справочник соответствий'!A$2:D$2981,2,FALSE),IF(VALUE(C48)=0,1,VLOOKUP(C48,'Справочник соответствий'!A$2:D$2981,2,FALSE))) -> 1 | J48: =IFERROR(VLOOKUP(D48,'Справочник соответствий'!A$2:D$2981,2,FALSE),IF(VALUE(D48)=0,0,VLOOKUP(D48,'Справочник соответствий'!A$2:D$2981,2,FALSE))) -> 0 | K48: =IF(B48="Многоквартирный дом",IF(I48-J48>0,I48-J48,1),I48) -> 1 | L48: =IFERROR(VLOOKUP(C48,'Справочник соответствий'!A$2:D$2981,3,FALSE),IF(VALUE(C48)=0,"ЭТАЖ НЕ ОПРЕДЕЛЕН. ПРИНЯТ ПО ДОПУЩЕНИЮ 1",VLOOKUP(C48,'Справочник соответствий'!A$2:D$2981,3,FALSE))) -> ЭТАЖ ЗАДАН ЧИСЛОМ | M48: =I48=E48 -> FALSE | N48: =IF(VALUE(E48)=0,VALUE(K48),IF(L48="ЭТАЖ НЕ ОПРЕДЕЛЕН. ПРИНЯТ ПО ДОПУЩЕНИЮ 1",VALUE(E48),VALUE(K48))) -> 1 | O48: =IF(VALUE(E48)=0,L48,IF(L48="ЭТАЖ НЕ ОПРЕДЕЛЕН. ПРИНЯТ ПО ДОПУЩЕНИЮ 1",F48,L48)) -> ЭТАЖ ЗАДАН ЧИСЛОМ | P48: =IF(B48="Многоквартирный дом",CONCATENATE("МКД_",O48),O48) -> ЭТАЖ ЗАДАН ЧИСЛОМ | Q48: =IFERROR(IF(N48>0,IF(N48=VALUE(E48),"ГОТОВ","ГОТОВ_ИЗМЕНЕН"),"НЕ ГОТОВ"),"НЕ ГОТОВ") -> ГОТОВ_ИЗМЕНЕН | R48: =IFERROR(VLOOKUP(P48,Лист1!A$1:B$20,2,FALSE),0) -> 784 | S48: =VALUE(E48) -> 0
A49: 66:41:0109071:432 | B49: Жилой дом | C49: 1 | G49: 27.01.2023 | H49: НЕ ГОТОВ | I49: =IFERROR(VLOOKUP(C49,'Справочник соответствий'!A$2:D$2981,2,FALSE),IF(VALUE(C49)=0,1,VLOOKUP(C49,'Справочник соответствий'!A$2:D$2981,2,FALSE))) -> 1 | J49: =IFERROR(VLOOKUP(D49,'Справочник соответствий'!A$2:D$2981,2,FALSE),IF(VALUE(D49)=0,0,VLOOKUP(D49,'Справочник соответствий'!A$2:D$2981,2,FALSE))) -> 0 | K49: =IF(B49="Многоквартирный дом",IF(I49-J49>0,I49-J49,1),I49) -> 1 | L49: =IFERROR(VLOOKUP(C49,'Справочник соответствий'!A$2:D$2981,3,FALSE),IF(VALUE(C49)=0,"ЭТАЖ НЕ ОПРЕДЕЛЕН. ПРИНЯТ ПО ДОПУЩЕНИЮ 1",VLOOKUP(C49,'Справочник соответствий'!A$2:D$2981,3,FALSE))) -> ЭТАЖ ЗАДАН ЧИСЛОМ | M49: =I49=E49 -> FALSE | N49: =IF(VALUE(E49)=0,VALUE(K49),IF(L49="ЭТАЖ НЕ ОПРЕДЕЛЕН. ПРИНЯТ ПО ДОПУЩЕНИЮ 1",VALUE(E49),VALUE(K49))) -> 1 | O49: =IF(VALUE(E49)=0,L49,IF(L49="ЭТАЖ НЕ ОПРЕДЕЛЕН. ПРИНЯТ ПО ДОПУЩЕНИЮ 1",F49,L49)) -> ЭТАЖ ЗАДАН ЧИСЛОМ | P49: =IF(B49="Многоквартирный дом",CONCATENATE("МКД_",O49),O49) -> ЭТАЖ ЗАДАН ЧИСЛОМ | Q49: =IFERROR(IF(N49>0,IF(N49=VALUE(E49),"ГОТОВ","ГОТОВ_ИЗМЕНЕН"),"НЕ ГОТОВ"),"НЕ ГОТОВ") -> ГОТОВ_ИЗМЕНЕН | R49: =IFERROR(VLOOKUP(P49,Лист1!A$1:B$20,2,FALSE),0) -> 784 | S49: =VALUE(E49) -> 0
A50: 66:41:0607005:323 | B50: Жилой дом | C50: 1 | G50: 27.01.2023 | H50: НЕ ГОТОВ | I50: =IFERROR(VLOOKUP(C50,'Справочник соответствий'!A$2:D$2981,2,FALSE),IF(VALUE(C50)=0,1,VLOOKUP(C50,'Справочник соответствий'!A$2:D$2981,2,FALSE))) -> 1 | J50: =IFERROR(VLOOKUP(D50,'Справочник соответствий'!A$2:D$2981,2,FALSE),IF(VALUE(D50)=0,0,VLOOKUP(D50,'Справочник соответствий'!A$2:D$2981,2,FALSE))) -> 0 | K50: =IF(B50="Многоквартирный дом",IF(I50-J50>0,I50-J50,1),I50) -> 1 | L50: =IFERROR(VLOOKUP(C50,'Справочник соответствий'!A$2:D$2981,3,FALSE),IF(VALUE(C50)=0,"ЭТАЖ НЕ ОПРЕДЕЛЕН. ПРИНЯТ ПО ДОПУЩЕНИЮ 1",VLOOKUP(C50,'Справочник соответствий'!A$2:D$2981,3,FALSE))) -> ЭТАЖ ЗАДАН ЧИСЛОМ | M50: =I50=E50 -> FALSE | N50: =IF(VALUE(E50)=0,VALUE(K50),IF(L50="ЭТАЖ НЕ ОПРЕДЕЛЕН. ПРИНЯТ ПО ДОПУЩЕНИЮ 1",VALUE(E50),VALUE(K50))) -> 1 | O50: =IF(VALUE(E50)=0,L50,IF(L50="ЭТАЖ НЕ ОПРЕДЕЛЕН. ПРИНЯТ ПО ДОПУЩЕНИЮ 1",F50,L50)) -> ЭТАЖ ЗАДАН ЧИСЛОМ | P50: =IF(B50="Многоквартирный дом",CONCATENATE("МКД_",O50),O50) -> ЭТАЖ ЗАДАН ЧИСЛОМ | Q50: =IFERROR(IF(N50>0,IF(N50=VALUE(E50),"ГОТОВ","ГОТОВ_ИЗМЕНЕН"),"НЕ ГОТОВ"),"НЕ ГОТОВ") -> ГОТОВ_ИЗМЕНЕН | R50: =IFERROR(VLOOKUP(P50,Лист1!A$1:B$20,2,FALSE),0) -> 784 | S50: =VALUE(E50) -> 0
A51: 66:25:1307001:2635 | B51: Жилой дом | C51: 1 | G51: 30.01.2023 | H51: НЕ ГОТОВ | I51: =IFERROR(VLOOKUP(C51,'Справочник соответствий'!A$2:D$2981,2,FALSE),IF(VALUE(C51)=0,1,VLOOKUP(C51,'Справочник соответствий'!A$2:D$2981,2,FALSE))) -> 1 | J51: =IFERROR(VLOOKUP(D51,'Справочник соответствий'!A$2:D$2981,2,FALSE),IF(VALUE(D51)=0,0,VLOOKUP(D51,'Справочник соответствий'!A$2:D$2981,2,FALSE))) -> 0 | K51: =IF(B51="Многоквартирный дом",IF(I51-J51>0,I51-J51,1),I51) -> 1 | L51: =IFERROR(VLOOKUP(C51,'Справочник соответствий'!A$2:D$2981,3,FALSE),IF(VALUE(C51)=0,"ЭТАЖ НЕ ОПРЕДЕЛЕН. ПРИНЯТ ПО ДОПУЩЕНИЮ 1",VLOOKUP(C51,'Справочник соответствий'!A$2:D$2981,3,FALSE))) -> ЭТАЖ ЗАДАН ЧИСЛОМ | M51: =I51=E51 -> FALSE | N51: =IF(VALUE(E51)=0,VALUE(K51),IF(L51="ЭТАЖ НЕ ОПРЕДЕЛЕН. ПРИНЯТ ПО ДОПУЩЕНИЮ 1",VALUE(E51),VALUE(K51))) -> 1 | O51: =IF(VALUE(E51)=0,L51,IF(L51="ЭТАЖ НЕ ОПРЕДЕЛЕН. ПРИНЯТ ПО ДОПУЩЕНИЮ 1",F51,L51)) -> ЭТАЖ ЗАДАН ЧИСЛОМ | P51: =IF(B51="Многоквартирный дом",CONCATENATE("МКД_",O51),O51) -> ЭТАЖ ЗАДАН ЧИСЛОМ | Q51: =IFERROR(IF(N51>0,IF(N51=VALUE(E51),"ГОТОВ","ГОТОВ_ИЗМЕНЕН"),"НЕ ГОТОВ"),"НЕ ГОТОВ") -> ГОТОВ_ИЗМЕНЕН | R51: =IFERROR(VLOOKUP(P51,Лист1!A$1:B$20,2,FALSE),0) -> 784 | S51: =VALUE(E51) -> 0
A52: 66:25:2901002:1428 | B52: Жилой дом | C52: 1 | G52: 30.01.2023 | H52: НЕ ГОТОВ | I52: =IFERROR(VLOOKUP(C52,'Справочник соответствий'!A$2:D$2981,2,FALSE),IF(VALUE(C52)=0,1,VLOOKUP(C52,'Справочник соответствий'!A$2:D$2981,2,FALSE))) -> 1 | J52: =IFERROR(VLOOKUP(D52,'Справочник соответствий'!A$2:D$2981,2,FALSE),IF(VALUE(D52)=0,0,VLOOKUP(D52,'Справочник соответствий'!A$2:D$2981,2,FALSE))) -> 0 | K52: =IF(B52="Многоквартирный дом",IF(I52-J52>0,I52-J52,1),I52) -> 1 | L52: =IFERROR(VLOOKUP(C52,'Справочник соответствий'!A$2:D$2981,3,FALSE),IF(VALUE(C52)=0,"ЭТАЖ НЕ ОПРЕДЕЛЕН. ПРИНЯТ ПО ДОПУЩЕНИЮ 1",VLOOKUP(C52,'Справочник соответствий'!A$2:D$2981,3,FALSE))) -> ЭТАЖ ЗАДАН ЧИСЛОМ | M52: =I52=E52 -> FALSE | N52: =IF(VALUE(E52)=0,VALUE(K52),IF(L52="ЭТАЖ НЕ ОПРЕДЕЛЕН. ПРИНЯТ ПО ДОПУЩЕНИЮ 1",VALUE(E52),VALUE(K52))) -> 1 | O52: =IF(VALUE(E52)=0,L52,IF(L52="ЭТАЖ НЕ ОПРЕДЕЛЕН. ПРИНЯТ ПО ДОПУЩЕНИЮ 1",F52,L52)) -> ЭТАЖ ЗАДАН ЧИСЛОМ | P52: =IF(B52="Многоквартирный дом",CONCATENATE("МКД_",O52),O52) -> ЭТАЖ ЗАДАН ЧИСЛОМ | Q52: =IFERROR(IF(N52>0,IF(N52=VALUE(E52),"ГОТОВ","ГОТОВ_ИЗМЕНЕН"),"НЕ ГОТОВ"),"НЕ ГОТОВ") -> ГОТОВ_ИЗМЕНЕН | R52: =IFERROR(VLOOKUP(P52,Лист1!A$1:B$20,2,FALSE),0) -> 784 | S52: =VALUE(E52) -> 0
A53: 66:35:0101022:244 | B53: Жилой дом | C53: 1 | G53: 30.01.2023 | H53: НЕ ГОТОВ | I53: =IFERROR(VLOOKUP(C53,'Справочник соответствий'!A$2:D$2981,2,FALSE),IF(VALUE(C53)=0,1,VLOOKUP(C53,'Справочник соответствий'!A$2:D$2981,2,FALSE))) -> 1 | J53: =IFERROR(VLOOKUP(D53,'Справочник соответствий'!A$2:D$2981,2,FALSE),IF(VALUE(D53)=0,0,VLOOKUP(D53,'Справочник соответствий'!A$2:D$2981,2,FALSE))) -> 0 | K53: =IF(B53="Многоквартирный дом",IF(I53-J53>0,I53-J53,1),I53) -> 1 | L53: =IFERROR(VLOOKUP(C53,'Справочник соответствий'!A$2:D$2981,3,FALSE),IF(VALUE(C53)=0,"ЭТАЖ НЕ ОПРЕДЕЛЕН. ПРИНЯТ ПО ДОПУЩЕНИЮ 1",VLOOKUP(C53,'Справочник соответствий'!A$2:D$2981,3,FALSE))) -> ЭТАЖ ЗАДАН ЧИСЛОМ | M53: =I53=E53 -> FALSE | N53: =IF(VALUE(E53)=0,VALUE(K53),IF(L53="ЭТАЖ НЕ ОПРЕДЕЛЕН. ПРИНЯТ ПО ДОПУЩЕНИЮ 1",VALUE(E53),VALUE(K53))) -> 1 | O53: =IF(VALUE(E53)=0,L53,IF(L53="ЭТАЖ НЕ ОПРЕДЕЛЕН. ПРИНЯТ ПО ДОПУЩЕНИЮ 1",F53,L53)) -> ЭТАЖ ЗАДАН ЧИСЛОМ | P53: =IF(B53="Многоквартирный дом",CONCATENATE("МКД_",O53),O53) -> ЭТАЖ ЗАДАН ЧИСЛОМ | Q53: =IFERROR(IF(N53>0,IF(N53=VALUE(E53),"ГОТОВ","ГОТОВ_ИЗМЕНЕН"),"НЕ ГОТОВ"),"НЕ ГОТОВ") -> ГОТОВ_ИЗМЕНЕН | R53: =IFERROR(VLOOKUP(P53,Лист1!A$1:B$20,2,FALSE),0) -> 784 | S53: =VALUE(E53) -> 0
A54: 66:36:2001013:383 | B54: Жилой дом | C54: 1 | G54: 09.01.2023 | H54: НЕ ГОТОВ | I54: =IFERROR(VLOOKUP(C54,'Справочник соответствий'!A$2:D$2981,2,FALSE),IF(VALUE(C54)=0,1,VLOOKUP(C54,'Справочник соответствий'!A$2:D$2981,2,FALSE))) -> 1 | J54: =IFERROR(VLOOKUP(D54,'Справочник соответствий'!A$2:D$2981,2,FALSE),IF(VALUE(D54)=0,0,VLOOKUP(D54,'Справочник соответствий'!A$2:D$2981,2,FALSE))) -> 0 | K54: =IF(B54="Многоквартирный дом",IF(I54-J54>0,I54-J54,1),I54) -> 1 | L54: =IFERROR(VLOOKUP(C54,'Справочник соответствий'!A$2:D$2981,3,FALSE),IF(VALUE(C54)=0,"ЭТАЖ НЕ ОПРЕДЕЛЕН. ПРИНЯТ ПО ДОПУЩЕНИЮ 1",VLOOKUP(C54,'Справочник соответствий'!A$2:D$2981,3,FALSE))) -> ЭТАЖ ЗАДАН ЧИСЛОМ | M54: =I54=E54 -> FALSE | N54: =IF(VALUE(E54)=0,VALUE(K54),IF(L54="ЭТАЖ НЕ ОПРЕДЕЛЕН. ПРИНЯТ ПО ДОПУЩЕНИЮ 1",VALUE(E54),VALUE(K54))) -> 1 | O54: =IF(VALUE(E54)=0,L54,IF(L54="ЭТАЖ НЕ ОПРЕДЕЛЕН. ПРИНЯТ ПО ДОПУЩЕНИЮ 1",F54,L54)) -> ЭТАЖ ЗАДАН ЧИСЛОМ | P54: =IF(B54="Многоквартирный дом",CONCATENATE("МКД_",O54),O54) -> ЭТАЖ ЗАДАН ЧИСЛОМ | Q54: =IFERROR(IF(N54>0,IF(N54=VALUE(E54),"ГОТОВ","ГОТОВ_ИЗМЕНЕН"),"НЕ ГОТОВ"),"НЕ ГОТОВ") -> ГОТОВ_ИЗМЕНЕН | R54: =IFERROR(VLOOKUP(P54,Лист1!A$1:B$20,2,FALSE),0) -> 784 | S54: =VALUE(E54) -> 0
... A72: 66:33:0101003:2508 | B72: Жилой дом | C72: 2 | G72: 10.01.2023 | H72: НЕ ГОТОВ | I72: =IFERROR(VLOOKUP(C72,'Справочник соответствий'!A$2:D$2981,2,FALSE),IF(VALUE(C72)=0,1,VLOOKUP(C72,'Справочник соответствий'!A$2:D$2981,2,FALSE))) -> 2 | J72: =IFERROR(VLOOKUP(D72,'Справочник соответствий'!A$2:D$2981,2,FALSE),IF(VALUE(D72)=0,0,VLOOKUP(D72,'Справочник соответствий'!A$2:D$2981,2,FALSE))) -> 0 | K72: =IF(B72="Многоквартирный дом",IF(I72-J72>0,I72-J72,1),I72) -> 2 | L72: =IFERROR(VLOOKUP(C72,'Справочник соответствий'!A$2:D$2981,3,FALSE),IF(VALUE(C72)=0,"ЭТАЖ НЕ ОПРЕДЕЛЕН. ПРИНЯТ ПО ДОПУЩЕНИЮ 1",VLOOKUP(C72,'Справочник соответствий'!A$2:D$2981,3,FALSE))) -> ЭТАЖ ЗАДАН ЧИСЛОМ | M72: =I72=E72 -> FALSE | N72: =IF(VALUE(E72)=0,VALUE(K72),IF(L72="ЭТАЖ НЕ ОПРЕДЕЛЕН. ПРИНЯТ ПО ДОПУЩЕНИЮ 1",VALUE(E72),VALUE(K72))) -> 2 | O72: =IF(VALUE(E72)=0,L72,IF(L72="ЭТАЖ НЕ ОПРЕДЕЛЕН. ПРИНЯТ ПО ДОПУЩЕНИЮ 1",F72,L72)) -> ЭТАЖ ЗАДАН ЧИСЛОМ | P72: =IF(B72="Многоквартирный дом",CONCATENATE("МКД_",O72),O72) -> ЭТАЖ ЗАДАН ЧИСЛОМ | Q72: =IFERROR(IF(N72>0,IF(N72=VALUE(E72),"ГОТОВ","ГОТОВ_ИЗМЕНЕН"),"НЕ ГОТОВ"),"НЕ ГОТОВ") -> ГОТОВ_ИЗМЕНЕН | R72: =IFERROR(VLOOKUP(P72,Лист1!A$1:B$20,2,FALSE),0) -> 784 | S72: =VALUE(E72) -> 0
A73: 66:41:0501007:2737 | B73: Нежилое здание | C73: 2 | D73: 2 | G73: 27.01.2023 | H73: НЕ ГОТОВ | I73: =IFERROR(VLOOKUP(C73,'Справочник соответствий'!A$2:D$2981,2,FALSE),IF(VALUE(C73)=0,1,VLOOKUP(C73,'Справочник соответствий'!A$2:D$2981,2,FALSE))) -> 2 | J73: =IFERROR(VLOOKUP(D73,'Справочник соответствий'!A$2:D$2981,2,FALSE),IF(VALUE(D73)=0,0,VLOOKUP(D73,'Справочник соответствий'!A$2:D$2981,2,FALSE))) -> 2 | K73: =IF(B73="Многоквартирный дом",IF(I73-J73>0,I73-J73,1),I73) -> 2 | L73: =IFERROR(VLOOKUP(C73,'Справочник соответствий'!A$2:D$2981,3,FALSE),IF(VALUE(C73)=0,"ЭТАЖ НЕ ОПРЕДЕЛЕН. ПРИНЯТ ПО ДОПУЩЕНИЮ 1",VLOOKUP(C73,'Справочник соответствий'!A$2:D$2981,3,FALSE))) -> ЭТАЖ ЗАДАН ЧИСЛОМ | M73: =I73=E73 -> FALSE | N73: =IF(VALUE(E73)=0,VALUE(K73),IF(L73="ЭТАЖ НЕ ОПРЕДЕЛЕН. ПРИНЯТ ПО ДОПУЩЕНИЮ 1",VALUE(E73),VALUE(K73))) -> 2 | O73: =IF(VALUE(E73)=0,L73,IF(L73="ЭТАЖ НЕ ОПРЕДЕЛЕН. ПРИНЯТ ПО ДОПУЩЕНИЮ 1",F73,L73)) -> ЭТАЖ ЗАДАН ЧИСЛОМ | P73: =IF(B73="Многоквартирный дом",CONCATENATE("МКД_",O73),O73) -> ЭТАЖ ЗАДАН ЧИСЛОМ | Q73: =IFERROR(IF(N73>0,IF(N73=VALUE(E73),"ГОТОВ","ГОТОВ_ИЗМЕНЕН"),"НЕ ГОТОВ"),"НЕ ГОТОВ") -> ГОТОВ_ИЗМЕНЕН | R73: =IFERROR(VLOOKUP(P73,Лист1!A$1:B$20,2,FALSE),0) -> 784 | S73: =VALUE(E73) -> 0
A74: 66:52:0109002:536 | B74: Жилой дом | C74: 1 | G74: 27.01.2023 | H74: НЕ ГОТОВ | I74: =IFERROR(VLOOKUP(C74,'Справочник соответствий'!A$2:D$2981,2,FALSE),IF(VALUE(C74)=0,1,VLOOKUP(C74,'Справочник соответствий'!A$2:D$2981,2,FALSE))) -> 1 | J74: =IFERROR(VLOOKUP(D74,'Справочник соответствий'!A$2:D$2981,2,FALSE),IF(VALUE(D74)=0,0,VLOOKUP(D74,'Справочник соответствий'!A$2:D$2981,2,FALSE))) -> 0 | K74: =IF(B74="Многоквартирный дом",IF(I74-J74>0,I74-J74,1),I74) -> 1 | L74: =IFERROR(VLOOKUP(C74,'Справочник соответствий'!A$2:D$2981,3,FALSE),IF(VALUE(C74)=0,"ЭТАЖ НЕ ОПРЕДЕЛЕН. ПРИНЯТ ПО ДОПУЩЕНИЮ 1",VLOOKUP(C74,'Справочник соответствий'!A$2:D$2981,3,FALSE))) -> ЭТАЖ ЗАДАН ЧИСЛОМ | M74: =I74=E74 -> FALSE | N74: =IF(VALUE(E74)=0,VALUE(K74),IF(L74="ЭТАЖ НЕ ОПРЕДЕЛЕН. ПРИНЯТ ПО ДОПУЩЕНИЮ 1",VALUE(E74),VALUE(K74))) -> 1 | O74: =IF(VALUE(E74)=0,L74,IF(L74="ЭТАЖ НЕ ОПРЕДЕЛЕН. ПРИНЯТ ПО ДОПУЩЕНИЮ 1",F74,L74)) -> ЭТАЖ ЗАДАН ЧИСЛОМ | P74: =IF(B74="Многоквартирный дом",CONCATENATE("МКД_",O74),O74) -> ЭТАЖ ЗАДАН ЧИСЛОМ | Q74: =IFERROR(IF(N74>0,IF(N74=VALUE(E74),"ГОТОВ","ГОТОВ_ИЗМЕНЕН"),"НЕ ГОТОВ"),"НЕ ГОТОВ") -> ГОТОВ_ИЗМЕНЕН | R74: =IFERROR(VLOOKUP(P74,Лист1!A$1:B$20,2,FALSE),0) -> 784 | S74: =VALUE(E74) -> 0
A75: 66:59:0215002:2543 | B75: Жилой дом | C75: 2 | G75: 27.01.2023 | H75: НЕ ГОТОВ | I75: =IFERROR(VLOOKUP(C75,'Справочник соответствий'!A$2:D$2981,2,FALSE),IF(VALUE(C75)=0,1,VLOOKUP(C75,'Справочник соответствий'!A$2:D$2981,2,FALSE))) -> 2 | J75: =IFERROR(VLOOKUP(D75,'Справочник соответствий'!A$2:D$2981,2,FALSE),IF(VALUE(D75)=0,0,VLOOKUP(D75,'Справочник соответствий'!A$2:D$2981,2,FALSE))) -> 0 | K75: =IF(B75="Многоквартирный дом",IF(I75-J75>0,I75-J75,1),I75) -> 2 | L75: =IFERROR(VLOOKUP(C75,'Справочник соответствий'!A$2:D$2981,3,FALSE),IF(VALUE(C75)=0,"ЭТАЖ НЕ ОПРЕДЕЛЕН. ПРИНЯТ ПО ДОПУЩЕНИЮ 1",VLOOKUP(C75,'Справочник соответствий'!A$2:D$2981,3,FALSE))) -> ЭТАЖ ЗАДАН ЧИСЛОМ | M75: =I75=E75 -> FALSE | N75: =IF(VALUE(E75)=0,VALUE(K75),IF(L75="ЭТАЖ НЕ ОПРЕДЕЛЕН. ПРИНЯТ ПО ДОПУЩЕНИЮ 1",VALUE(E75),VALUE(K75))) -> 2 | O75: =IF(VALUE(E75)=0,L75,IF(L75="ЭТАЖ НЕ ОПРЕДЕЛЕН. ПРИНЯТ ПО ДОПУЩЕНИЮ 1",F75,L75)) -> ЭТАЖ ЗАДАН ЧИСЛОМ | P75: =IF(B75="Многоквартирный дом",CONCATENATE("МКД_",O75),O75) -> ЭТАЖ ЗАДАН ЧИСЛОМ | Q75: =IFERROR(IF(N75>0,IF(N75=VALUE(E75),"ГОТОВ","ГОТОВ_ИЗМЕНЕН"),"НЕ ГОТОВ"),"НЕ ГОТОВ") -> ГОТОВ_ИЗМЕНЕН | R75: =IFERROR(VLOOKUP(P75,Лист1!A$1:B$20,2,FALSE),0) -> 784 | S75: =VALUE(E75) -> 0
A76: 66:14:4701001:609 | B76: Жилой дом | C76: 1 | G76: 27.01.2023 | H76: НЕ ГОТОВ | I76: =IFERROR(VLOOKUP(C76,'Справочник соответствий'!A$2:D$2981,2,FALSE),IF(VALUE(C76)=0,1,VLOOKUP(C76,'Справочник соответствий'!A$2:D$2981,2,FALSE))) -> 1 | J76: =IFERROR(VLOOKUP(D76,'Справочник соответствий'!A$2:D$2981,2,FALSE),IF(VALUE(D76)=0,0,VLOOKUP(D76,'Справочник соответствий'!A$2:D$2981,2,FALSE))) -> 0 | K76: =IF(B76="Многоквартирный дом",IF(I76-J76>0,I76-J76,1),I76) -> 1 | L76: =IFERROR(VLOOKUP(C76,'Справочник соответствий'!A$2:D$2981,3,FALSE),IF(VALUE(C76)=0,"ЭТАЖ НЕ ОПРЕДЕЛЕН. ПРИНЯТ ПО ДОПУЩЕНИЮ 1",VLOOKUP(C76,'Справочник соответствий'!A$2:D$2981,3,FALSE))) -> ЭТАЖ ЗАДАН ЧИСЛОМ | M76: =I76=E76 -> FALSE | N76: =IF(VALUE(E76)=0,VALUE(K76),IF(L76="ЭТАЖ НЕ ОПРЕДЕЛЕН. ПРИНЯТ ПО ДОПУЩЕНИЮ 1",VALUE(E76),VALUE(K76))) -> 1 | O76: =IF(VALUE(E76)=0,L76,IF(L76="ЭТАЖ НЕ ОПРЕДЕЛЕН. ПРИНЯТ ПО ДОПУЩЕНИЮ 1",F76,L76)) -> ЭТАЖ ЗАДАН ЧИСЛОМ | P76: =IF(B76="Многоквартирный дом",CONCATENATE("МКД_",O76),O76) -> ЭТАЖ ЗАДАН ЧИСЛОМ | Q76: =IFERROR(IF(N76>0,IF(N76=VALUE(E76),"ГОТОВ","ГОТОВ_ИЗМЕНЕН"),"НЕ ГОТОВ"),"НЕ ГОТОВ") -> ГОТОВ_ИЗМЕНЕН | R76: =IFERROR(VLOOKUP(P76,Лист1!A$1:B$20,2,FALSE),0) -> 784 | S76: =VALUE(E76) -> 0
A77: 66:36:3101001:297 | B77: Жилой дом | C77: 2 | G77: 27.01.2023 | H77: НЕ ГОТОВ | I77: =IFERROR(VLOOKUP(C77,'Справочник соответствий'!A$2:D$2981,2,FALSE),IF(VALUE(C77)=0,1,VLOOKUP(C77,'Справочник соответствий'!A$2:D$2981,2,FALSE))) -> 2 | J77: =IFERROR(VLOOKUP(D77,'Справочник соответствий'!A$2:D$2981,2,FALSE),IF(VALUE(D77)=0,0,VLOOKUP(D77,'Справочник соответствий'!A$2:D$2981,2,FALSE))) -> 0 | K77: =IF(B77="Многоквартирный дом",IF(I77-J77>0,I77-J77,1),I77) -> 2 | L77: =IFERROR(VLOOKUP(C77,'Справочник соответствий'!A$2:D$2981,3,FALSE),IF(VALUE(C77)=0,"ЭТАЖ НЕ ОПРЕДЕЛЕН. ПРИНЯТ ПО ДОПУЩЕНИЮ 1",VLOOKUP(C77,'Справочник соответствий'!A$2:D$2981,3,FALSE))) -> ЭТАЖ ЗАДАН ЧИСЛОМ | M77: =I77=E77 -> FALSE | N77: =IF(VALUE(E77)=0,VALUE(K77),IF(L77="ЭТАЖ НЕ ОПРЕДЕЛЕН. ПРИНЯТ ПО ДОПУЩЕНИЮ 1",VALUE(E77),VALUE(K77))) -> 2 | O77: =IF(VALUE(E77)=0,L77,IF(L77="ЭТАЖ НЕ ОПРЕДЕЛЕН. ПРИНЯТ ПО ДОПУЩЕНИЮ 1",F77,L77)) -> ЭТАЖ ЗАДАН ЧИСЛОМ | P77: =IF(B77="Многоквартирный дом",CONCATENATE("МКД_",O77),O77) -> ЭТАЖ ЗАДАН ЧИСЛОМ | Q77: =IFERROR(IF(N77>0,IF(N77=VALUE(E77),"ГОТОВ","ГОТОВ_ИЗМЕНЕН"),"НЕ ГОТОВ"),"НЕ ГОТОВ") -> ГОТОВ_ИЗМЕНЕН | R77: =IFERROR(VLOOKUP(P77,Лист1!A$1:B$20,2,FALSE),0) -> 784 | S77: =VALUE(E77) -> 0
A78: 66:63:0101021:764 | B78: Нежилое здание | C78: 1 | G78: 10.01.2023 | H78: НЕ ГОТОВ | I78: =IFERROR(VLOOKUP(C78,'Справочник соответствий'!A$2:D$2981,2,FALSE),IF(VALUE(C78)=0,1,VLOOKUP(C78,'Справочник соответствий'!A$2:D$2981,2,FALSE))) -> 1 | J78: =IFERROR(VLOOKUP(D78,'Справочник соответствий'!A$2:D$2981,2,FALSE),IF(VALUE(D78)=0,0,VLOOKUP(D78,'Справочник соответствий'!A$2:D$2981,2,FALSE))) -> 0 | K78: =IF(B78="Многоквартирный дом",IF(I78-J78>0,I78-J78,1),I78) -> 1 | L78: =IFERROR(VLOOKUP(C78,'Справочник соответствий'!A$2:D$2981,3,FALSE),IF(VALUE(C78)=0,"ЭТАЖ НЕ ОПРЕДЕЛЕН. ПРИНЯТ ПО ДОПУЩЕНИЮ 1",VLOOKUP(C78,'Справочник соответствий'!A$2:D$2981,3,FALSE))) -> ЭТАЖ ЗАДАН ЧИСЛОМ | M78: =I78=E78 -> FALSE | N78: =IF(VALUE(E78)=0,VALUE(K78),IF(L78="ЭТАЖ НЕ ОПРЕДЕЛЕН. ПРИНЯТ ПО ДОПУЩЕНИЮ 1",VALUE(E78),VALUE(K78))) -> 1 | O78: =IF(VALUE(E78)=0,L78,IF(L78="ЭТАЖ НЕ ОПРЕДЕЛЕН. ПРИНЯТ ПО ДОПУЩЕНИЮ 1",F78,L78)) -> ЭТАЖ ЗАДАН ЧИСЛОМ | P78: =IF(B78="Многоквартирный дом",CONCATENATE("МКД_",O78),O78) -> ЭТАЖ ЗАДАН ЧИСЛОМ | Q78: =IFERROR(IF(N78>0,IF(N78=VALUE(E78),"ГОТОВ","ГОТОВ_ИЗМЕНЕН"),"НЕ ГОТОВ"),"НЕ ГОТОВ") -> ГОТОВ_ИЗМЕНЕН | R78: =IFERROR(VLOOKUP(P78,Лист1!A$1:B$20,2,FALSE),0) -> 784 | S78: =VALUE(E78) -> 0
A79: 66:04:3501008:551 | B79: Нежилое здание | C79: 1 | G79: 01.02.2023 | H79: НЕ ГОТОВ | I79: =IFERROR(VLOOKUP(C79,'Справочник соответствий'!A$2:D$2981,2,FALSE),IF(VALUE(C79)=0,1,VLOOKUP(C79,'Справочник соответствий'!A$2:D$2981,2,FALSE))) -> 1 | J79: =IFERROR(VLOOKUP(D79,'Справочник соответствий'!A$2:D$2981,2,FALSE),IF(VALUE(D79)=0,0,VLOOKUP(D79,'Справочник соответствий'!A$2:D$2981,2,FALSE))) -> 0 | K79: =IF(B79="Многоквартирный дом",IF(I79-J79>0,I79-J79,1),I79) -> 1 | L79: =IFERROR(VLOOKUP(C79,'Справочник соответствий'!A$2:D$2981,3,FALSE),IF(VALUE(C79)=0,"ЭТАЖ НЕ ОПРЕДЕЛЕН. ПРИНЯТ ПО ДОПУЩЕНИЮ 1",VLOOKUP(C79,'Справочник соответствий'!A$2:D$2981,3,FALSE))) -> ЭТАЖ ЗАДАН ЧИСЛОМ | M79: =I79=E79 -> FALSE | N79: =IF(VALUE(E79)=0,VALUE(K79),IF(L79="ЭТАЖ НЕ ОПРЕДЕЛЕН. ПРИНЯТ ПО ДОПУЩЕНИЮ 1",VALUE(E79),VALUE(K79))) -> 1 | O79: =IF(VALUE(E79)=0,L79,IF(L79="ЭТАЖ НЕ ОПРЕДЕЛЕН. ПРИНЯТ ПО ДОПУЩЕНИЮ 1",F79,L79)) -> ЭТАЖ ЗАДАН ЧИСЛОМ | P79: =IF(B79="Многоквартирный дом",CONCATENATE("МКД_",O79),O79) -> ЭТАЖ ЗАДАН ЧИСЛОМ | Q79: =IFERROR(IF(N79>0,IF(N79=VALUE(E79),"ГОТОВ","ГОТОВ_ИЗМЕНЕН"),"НЕ ГОТОВ"),"НЕ ГОТОВ") -> ГОТОВ_ИЗМЕНЕН | R79: =IFERROR(VLOOKUP(P79,Лист1!A$1:B$20,2,FALSE),0) -> 784 | S79: =VALUE(E79) -> 0
A80: 66:41:0702069:5550 | B80: Нежилое здание | C80: 8 | G80: 31.01.2023 | H80: НЕ ГОТОВ | I80: =IFERROR(VLOOKUP(C80,'Справочник соответствий'!A$2:D$2981,2,FALSE),IF(VALUE(C80)=0,1,VLOOKUP(C80,'Справочник соответствий'!A$2:D$2981,2,FALSE))) -> 8 | J80: =IFERROR(VLOOKUP(D80,'Справочник соответствий'!A$2:D$2981,2,FALSE),IF(VALUE(D80)=0,0,VLOOKUP(D80,'Справочник соответствий'!A$2:D$2981,2,FALSE))) -> 0 | K80: =IF(B80="Многоквартирный дом",IF(I80-J80>0,I80-J80,1),I80) -> 8 | L80: =IFERROR(VLOOKUP(C80,'Справочник соответствий'!A$2:D$2981,3,FALSE),IF(VALUE(C80)=0,"ЭТАЖ НЕ ОПРЕДЕЛЕН. ПРИНЯТ ПО ДОПУЩЕНИЮ 1",VLOOKUP(C80,'Справочник соответствий'!A$2:D$2981,3,FALSE))) -> ЭТАЖ ЗАДАН ЧИСЛОМ | M80: =I80=E80 -> FALSE | N80: =IF(VALUE(E80)=0,VALUE(K80),IF(L80="ЭТАЖ НЕ ОПРЕДЕЛЕН. ПРИНЯТ ПО ДОПУЩЕНИЮ 1",VALUE(E80),VALUE(K80))) -> 8 | O80: =IF(VALUE(E80)=0,L80,IF(L80="ЭТАЖ НЕ ОПРЕДЕЛЕН. ПРИНЯТ ПО ДОПУЩЕНИЮ 1",F80,L80)) -> ЭТАЖ ЗАДАН ЧИСЛОМ | P80: =IF(B80="Многоквартирный дом",CONCATENATE("МКД_",O80),O80) -> ЭТАЖ ЗАДАН ЧИСЛОМ | Q80: =IFERROR(IF(N80>0,IF(N80=VALUE(E80),"ГОТОВ","ГОТОВ_ИЗМЕНЕН"),"НЕ ГОТОВ"),"НЕ ГОТОВ") -> ГОТОВ_ИЗМЕНЕН | R80: =IFERROR(VLOOKUP(P80,Лист1!A$1:B$20,2,FALSE),0) -> 784 | S80: =VALUE(E80) -> 0
A81: 66:06:4501018:9927 | B81: Жилой дом | C81: 1 | G81: 31.01.2023 | H81: НЕ ГОТОВ | I81: =IFERROR(VLOOKUP(C81,'Справочник соответствий'!A$2:D$2981,2,FALSE),IF(VALUE(C81)=0,1,VLOOKUP(C81,'Справочник соответствий'!A$2:D$2981,2,FALSE))) -> 1 | J81: =IFERROR(VLOOKUP(D81,'Справочник соответствий'!A$2:D$2981,2,FALSE),IF(VALUE(D81)=0,0,VLOOKUP(D81,'Справочник соответствий'!A$2:D$2981,2,FALSE))) -> 0 | K81: =IF(B81="Многоквартирный дом",IF(I81-J81>0,I81-J81,1),I81) -> 1 | L81: =IFERROR(VLOOKUP(C81,'Справочник соответствий'!A$2:D$2981,3,FALSE),IF(VALUE(C81)=0,"ЭТАЖ НЕ ОПРЕДЕЛЕН. ПРИНЯТ ПО ДОПУЩЕНИЮ 1",VLOOKUP(C81,'Справочник соответствий'!A$2:D$2981,3,FALSE))) -> ЭТАЖ ЗАДАН ЧИСЛОМ | M81: =I81=E81 -> FALSE | N81: =IF(VALUE(E81)=0,VALUE(K81),IF(L81="ЭТАЖ НЕ ОПРЕДЕЛЕН. ПРИНЯТ ПО ДОПУЩЕНИЮ 1",VALUE(E81),VALUE(K81))) -> 1 | O81: =IF(VALUE(E81)=0,L81,IF(L81="ЭТАЖ НЕ ОПРЕДЕЛЕН. ПРИНЯТ ПО ДОПУЩЕНИЮ 1",F81,L81)) -> ЭТАЖ ЗАДАН ЧИСЛОМ | P81: =IF(B81="Многоквартирный дом",CONCATENATE("МКД_",O81),O81) -> ЭТАЖ ЗАДАН ЧИСЛОМ | Q81: =IFERROR(IF(N81>0,IF(N81=VALUE(E81),"ГОТОВ","ГОТОВ_ИЗМЕНЕН"),"НЕ ГОТОВ"),"НЕ ГОТОВ") -> ГОТОВ_ИЗМЕНЕН | R81: =IFERROR(VLOOKUP(P81,Лист1!A$1:B$20,2,FALSE),0) -> 784 | S81: =VALUE(E81) -> 0
A82: 66:45:0100342:662 | B82: Жилой дом | C82: 4 | D82: 1 | G82: 15.01.2023 | H82: НЕ ГОТОВ | I82: =IFERROR(VLOOKUP(C82,'Справочник соответствий'!A$2:D$2981,2,FALSE),IF(VALUE(C82)=0,1,VLOOKUP(C82,'Справочник соответствий'!A$2:D$2981,2,FALSE))) -> 4 | J82: =IFERROR(VLOOKUP(D82,'Справочник соответствий'!A$2:D$2981,2,FALSE),IF(VALUE(D82)=0,0,VLOOKUP(D82,'Справочник соответствий'!A$2:D$2981,2,FALSE))) -> 1 | K82: =IF(B82="Многоквартирный дом",IF(I82-J82>0,I82-J82,1),I82) -> 4 | L82: =IFERROR(VLOOKUP(C82,'Справочник соответствий'!A$2:D$2981,3,FALSE),IF(VALUE(C82)=0,"ЭТАЖ НЕ ОПРЕДЕЛЕН. ПРИНЯТ ПО ДОПУЩЕНИЮ 1",VLOOKUP(C82,'Справочник соответствий'!A$2:D$2981,3,FALSE))) -> ЭТАЖ ЗАДАН ЧИСЛОМ | M82: =I82=E82 -> FALSE | N82: =IF(VALUE(E82)=0,VALUE(K82),IF(L82="ЭТАЖ НЕ ОПРЕДЕЛЕН. ПРИНЯТ ПО ДОПУЩЕНИЮ 1",VALUE(E82),VALUE(K82))) -> 4 | O82: =IF(VALUE(E82)=0,L82,IF(L82="ЭТАЖ НЕ ОПРЕДЕЛЕН. ПРИНЯТ ПО ДОПУЩЕНИЮ 1",F82,L82)) -> ЭТАЖ ЗАДАН ЧИСЛОМ | P82: =IF(B82="Многоквартирный дом",CONCATENATE("МКД_",O82),O82) -> ЭТАЖ ЗАДАН ЧИСЛОМ | Q82: =IFERROR(IF(N82>0,IF(N82=VALUE(E82),"ГОТОВ","ГОТОВ_ИЗМЕНЕН"),"НЕ ГОТОВ"),"НЕ ГОТОВ") -> ГОТОВ_ИЗМЕНЕН | R82: =IFERROR(VLOOKUP(P82,Лист1!A$1:B$20,2,FALSE),0) -> 784 | S82: =VALUE(E82) -> 0
A83: 66:36:2001013:382 | B83: Жилой дом | C83: 1 | G83: 15.01.2023 | H83: НЕ ГОТОВ | I83: =IFERROR(VLOOKUP(C83,'Справочник соответствий'!A$2:D$2981,2,FALSE),IF(VALUE(C83)=0,1,VLOOKUP(C83,'Справочник соответствий'!A$2:D$2981,2,FALSE))) -> 1 | J83: =IFERROR(VLOOKUP(D83,'Справочник соответствий'!A$2:D$2981,2,FALSE),IF(VALUE(D83)=0,0,VLOOKUP(D83,'Справочник соответствий'!A$2:D$2981,2,FALSE))) -> 0 | K83: =IF(B83="Многоквартирный дом",IF(I83-J83>0,I83-J83,1),I83) -> 1 | L83: =IFERROR(VLOOKUP(C83,'Справочник соответствий'!A$2:D$2981,3,FALSE),IF(VALUE(C83)=0,"ЭТАЖ НЕ ОПРЕДЕЛЕН. ПРИНЯТ ПО ДОПУЩЕНИЮ 1",VLOOKUP(C83,'Справочник соответствий'!A$2:D$2981,3,FALSE))) -> ЭТАЖ ЗАДАН ЧИСЛОМ | M83: =I83=E83 -> FALSE | N83: =IF(VALUE(E83)=0,VALUE(K83),IF(L83="ЭТАЖ НЕ ОПРЕДЕЛЕН. ПРИНЯТ ПО ДОПУЩЕНИЮ 1",VALUE(E83),VALUE(K83))) -> 1 | O83: =IF(VALUE(E83)=0,L83,IF(L83="ЭТАЖ НЕ ОПРЕДЕЛЕН. ПРИНЯТ ПО ДОПУЩЕНИЮ 1",F83,L83)) -> ЭТАЖ ЗАДАН ЧИСЛОМ | P83: =IF(B83="Многоквартирный дом",CONCATENATE("МКД_",O83),O83) -> ЭТАЖ ЗАДАН ЧИСЛОМ | Q83: =IFERROR(IF(N83>0,IF(N83=VALUE(E83),"ГОТОВ","ГОТОВ_ИЗМЕНЕН"),"НЕ ГОТОВ"),"НЕ ГОТОВ") -> ГОТОВ_ИЗМЕНЕН | R83: =IFERROR(VLOOKUP(P83,Лист1!A$1:B$20,2,FALSE),0) -> 784 | S83: =VALUE(E83) -> 0
A84: 66:25:2721002:4668 | B84: Жилой дом | C84: 1 | G84: 02.02.2023 | H84: НЕ ГОТОВ | I84: =IFERROR(VLOOKUP(C84,'Справочник соответствий'!A$2:D$2981,2,FALSE),IF(VALUE(C84)=0,1,VLOOKUP(C84,'Справочник соответствий'!A$2:D$2981,2,FALSE))) -> 1 | J84: =IFERROR(VLOOKUP(D84,'Справочник соответствий'!A$2:D$2981,2,FALSE),IF(VALUE(D84)=0,0,VLOOKUP(D84,'Справочник соответствий'!A$2:D$2981,2,FALSE))) -> 0 | K84: =IF(B84="Многоквартирный дом",IF(I84-J84>0,I84-J84,1),I84) -> 1 | L84: =IFERROR(VLOOKUP(C84,'Справочник соответствий'!A$2:D$2981,3,FALSE),IF(VALUE(C84)=0,"ЭТАЖ НЕ ОПРЕДЕЛЕН. ПРИНЯТ ПО ДОПУЩЕНИЮ 1",VLOOKUP(C84,'Справочник соответствий'!A$2:D$2981,3,FALSE))) -> ЭТАЖ ЗАДАН ЧИСЛОМ | M84: =I84=E84 -> FALSE | N84: =IF(VALUE(E84)=0,VALUE(K84),IF(L84="ЭТАЖ НЕ ОПРЕДЕЛЕН. ПРИНЯТ ПО ДОПУЩЕНИЮ 1",VALUE(E84),VALUE(K84))) -> 1 | O84: =IF(VALUE(E84)=0,L84,IF(L84="ЭТАЖ НЕ ОПРЕДЕЛЕН. ПРИНЯТ ПО ДОПУЩЕНИЮ 1",F84,L84)) -> ЭТАЖ ЗАДАН ЧИСЛОМ | P84: =IF(B84="Многоквартирный дом",CONCATENATE("МКД_",O84),O84) -> ЭТАЖ ЗАДАН ЧИСЛОМ | Q84: =IFERROR(IF(N84>0,IF(N84=VALUE(E84),"ГОТОВ","ГОТОВ_ИЗМЕНЕН"),"НЕ ГОТОВ"),"НЕ ГОТОВ") -> ГОТОВ_ИЗМЕНЕН | R84: =IFERROR(VLOOKUP(P84,Лист1!A$1:B$20,2,FALSE),0) -> 784 | S84: =VALUE(E84) -> 0
A85: 66:50:0000000:6898 | B85: Нежилое здание | C85: 1 | G85: 31.01.2023 | H85: НЕ ГОТОВ | I85: =IFERROR(VLOOKUP(C85,'Справочник соответствий'!A$2:D$2981,2,FALSE),IF(VALUE(C85)=0,1,VLOOKUP(C85,'Справочник соответствий'!A$2:D$2981,2,FALSE))) -> 1 | J85: =IFERROR(VLOOKUP(D85,'Справочник соответствий'!A$2:D$2981,2,FALSE),IF(VALUE(D85)=0,0,VLOOKUP(D85,'Справочник соответствий'!A$2:D$2981,2,FALSE))) -> 0 | K85: =IF(B85="Многоквартирный дом",IF(I85-J85>0,I85-J85,1),I85) -> 1 | L85: =IFERROR(VLOOKUP(C85,'Справочник соответствий'!A$2:D$2981,3,FALSE),IF(VALUE(C85)=0,"ЭТАЖ НЕ ОПРЕДЕЛЕН. ПРИНЯТ ПО ДОПУЩЕНИЮ 1",VLOOKUP(C85,'Справочник соответствий'!A$2:D$2981,3,FALSE))) -> ЭТАЖ ЗАДАН ЧИСЛОМ | M85: =I85=E85 -> FALSE | N85: =IF(VALUE(E85)=0,VALUE(K85),IF(L85="ЭТАЖ НЕ ОПРЕДЕЛЕН. ПРИНЯТ ПО ДОПУЩЕНИЮ 1",VALUE(E85),VALUE(K85))) -> 1 | O85: =IF(VALUE(E85)=0,L85,IF(L85="ЭТАЖ НЕ ОПРЕДЕЛЕН. ПРИНЯТ ПО ДОПУЩЕНИЮ 1",F85,L85)) -> ЭТАЖ ЗАДАН ЧИСЛОМ | P85: =IF(B85="Многоквартирный дом",CONCATENATE("МКД_",O85),O85) -> ЭТАЖ ЗАДАН ЧИСЛОМ | Q85: =IFERROR(IF(N85>0,IF(N85=VALUE(E85),"ГОТОВ","ГОТОВ_ИЗМЕНЕН"),"НЕ ГОТОВ"),"НЕ ГОТОВ") -> ГОТОВ_ИЗМЕНЕН | R85: =IFERROR(VLOOKUP(P85,Лист1!A$1:B$20,2,FALSE),0) -> 784 | S85: =VALUE(E85) -> 0
A86: 66:32:0409004:873 | B86: Нежилое здание | C86: 1 | G86: 31.01.2023 | H86: НЕ ГОТОВ | I86: =IFERROR(VLOOKUP(C86,'Справочник соответствий'!A$2:D$2981,2,FALSE),IF(VALUE(C86)=0,1,VLOOKUP(C86,'Справочник соответствий'!A$2:D$2981,2,FALSE))) -> 1 | J86: =IFERROR(VLOOKUP(D86,'Справочник соответствий'!A$2:D$2981,2,FALSE),IF(VALUE(D86)=0,0,VLOOKUP(D86,'Справочник соответствий'!A$2:D$2981,2,FALSE))) -> 0 | K86: =IF(B86="Многоквартирный дом",IF(I86-J86>0,I86-J86,1),I86) -> 1 | L86: =IFERROR(VLOOKUP(C86,'Справочник соответствий'!A$2:D$2981,3,FALSE),IF(VALUE(C86)=0,"ЭТАЖ НЕ ОПРЕДЕЛЕН. ПРИНЯТ ПО ДОПУЩЕНИЮ 1",VLOOKUP(C86,'Справочник соответствий'!A$2:D$2981,3,FALSE))) -> ЭТАЖ ЗАДАН ЧИСЛОМ | M86: =I86=E86 -> FALSE | N86: =IF(VALUE(E86)=0,VALUE(K86),IF(L86="ЭТАЖ НЕ ОПРЕДЕЛЕН. ПРИНЯТ ПО ДОПУЩЕНИЮ 1",VALUE(E86),VALUE(K86))) -> 1 | O86: =IF(VALUE(E86)=0,L86,IF(L86="ЭТАЖ НЕ ОПРЕДЕЛЕН. ПРИНЯТ ПО ДОПУЩЕНИЮ 1",F86,L86)) -> ЭТАЖ ЗАДАН ЧИСЛОМ | P86: =IF(B86="Многоквартирный дом",CONCATENATE("МКД_",O86),O86) -> ЭТАЖ ЗАДАН ЧИСЛОМ | Q86: =IFERROR(IF(N86>0,IF(N86=VALUE(E86),"ГОТОВ","ГОТОВ_ИЗМЕНЕН"),"НЕ ГОТОВ"),"НЕ ГОТОВ") -> ГОТОВ_ИЗМЕНЕН | R86: =IFERROR(VLOOKUP(P86,Лист1!A$1:B$20,2,FALSE),0) -> 784 | S86: =VALUE(E86) -> 0
A87: 66:54:0116005:1571 | B87: Нежилое здание | G87: 18.01.2023 | H87: НЕ ГОТОВ | I87: =IFERROR(VLOOKUP(C87,'Справочник соответствий'!A$2:D$2981,2,FALSE),IF(VALUE(C87)=0,1,VLOOKUP(C87,'Справочник соответствий'!A$2:D$2981,2,FALSE))) -> 1 | J87: =IFERROR(VLOOKUP(D87,'Справочник соответствий'!A$2:D$2981,2,FALSE),IF(VALUE(D87)=0,0,VLOOKUP(D87,'Справочник соответствий'!A$2:D$2981,2,FALSE))) -> 0 | K87: =IF(B87="Многоквартирный дом",IF(I87-J87>0,I87-J87,1),I87) -> 1 | L87: =IFERROR(VLOOKUP(C87,'Справочник соответствий'!A$2:D$2981,3,FALSE),IF(VALUE(C87)=0,"ЭТАЖ НЕ ОПРЕДЕЛЕН. ПРИНЯТ ПО ДОПУЩЕНИЮ 1",VLOOKUP(C87,'Справочник соответствий'!A$2:D$2981,3,FALSE))) -> ЭТАЖ НЕ ОПРЕДЕЛЕН. ПРИНЯТ ПО ДОПУЩЕНИЮ 1 | M87: =I87=E87 -> FALSE | N87: =IF(VALUE(E87)=0,VALUE(K87),IF(L87="ЭТАЖ НЕ ОПРЕДЕЛЕН. ПРИНЯТ ПО ДОПУЩЕНИЮ 1",VALUE(E87),VALUE(K87))) -> 1 | O87: =IF(VALUE(E87)=0,L87,IF(L87="ЭТАЖ НЕ ОПРЕДЕЛЕН. ПРИНЯТ ПО ДОПУЩЕНИЮ 1",F87,L87)) -> ЭТАЖ НЕ ОПРЕДЕЛЕН. ПРИНЯТ ПО ДОПУЩЕНИЮ 1 | P87: =IF(B87="Многоквартирный дом",CONCATENATE("МКД_",O87),O87) -> ЭТАЖ НЕ ОПРЕДЕЛЕН. ПРИНЯТ ПО ДОПУЩЕНИЮ 1 | Q87: =IFERROR(IF(N87>0,IF(N87=VALUE(E87),"ГОТОВ","ГОТОВ_ИЗМЕНЕН"),"НЕ ГОТОВ"),"НЕ ГОТОВ") -> ГОТОВ_ИЗМЕНЕН | R87: =IFERROR(VLOOKUP(P87,Лист1!A$1:B$20,2,FALSE),0) -> 788 | S87: =VALUE(E87) -> 0
A88: 66:28:2801018:718 | B88: Жилой дом | C88: 1 | G88: 31.01.2023 | H88: НЕ ГОТОВ | I88: =IFERROR(VLOOKUP(C88,'Справочник соответствий'!A$2:D$2981,2,FALSE),IF(VALUE(C88)=0,1,VLOOKUP(C88,'Справочник соответствий'!A$2:D$2981,2,FALSE))) -> 1 | J88: =IFERROR(VLOOKUP(D88,'Справочник соответствий'!A$2:D$2981,2,FALSE),IF(VALUE(D88)=0,0,VLOOKUP(D88,'Справочник соответствий'!A$2:D$2981,2,FALSE))) -> 0 | K88: =IF(B88="Многоквартирный дом",IF(I88-J88>0,I88-J88,1),I88) -> 1 | L88: =IFERROR(VLOOKUP(C88,'Справочник соответствий'!A$2:D$2981,3,FALSE),IF(VALUE(C88)=0,"ЭТАЖ НЕ ОПРЕДЕЛЕН. ПРИНЯТ ПО ДОПУЩЕНИЮ 1",VLOOKUP(C88,'Справочник соответствий'!A$2:D$2981,3,FALSE))) -> ЭТАЖ ЗАДАН ЧИСЛОМ | M88: =I88=E88 -> FALSE | N88: =IF(VALUE(E88)=0,VALUE(K88),IF(L88="ЭТАЖ НЕ ОПРЕДЕЛЕН. ПРИНЯТ ПО ДОПУЩЕНИЮ 1",VALUE(E88),VALUE(K88))) -> 1 | O88: =IF(VALUE(E88)=0,L88,IF(L88="ЭТАЖ НЕ ОПРЕДЕЛЕН. ПРИНЯТ ПО ДОПУЩЕНИЮ 1",F88,L88)) -> ЭТАЖ ЗАДАН ЧИСЛОМ | P88: =IF(B88="Многоквартирный дом",CONCATENATE("МКД_",O88),O88) -> ЭТАЖ ЗАДАН ЧИСЛОМ | Q88: =IFERROR(IF(N88>0,IF(N88=VALUE(E88),"ГОТОВ","ГОТОВ_ИЗМЕНЕН"),"НЕ ГОТОВ"),"НЕ ГОТОВ") -> ГОТОВ_ИЗМЕНЕН | R88: =IFERROR(VLOOKUP(P88,Лист1!A$1:B$20,2,FALSE),0) -> 784 | S88: =VALUE(E88) -> 0
A89: 66:59:0216001:4734 | B89: Жилой дом | C89: 1 | G89: 18.01.2023 | H89: НЕ ГОТОВ | I89: =IFERROR(VLOOKUP(C89,'Справочник соответствий'!A$2:D$2981,2,FALSE),IF(VALUE(C89)=0,1,VLOOKUP(C89,'Справочник соответствий'!A$2:D$2981,2,FALSE))) -> 1 | J89: =IFERROR(VLOOKUP(D89,'Справочник соответствий'!A$2:D$2981,2,FALSE),IF(VALUE(D89)=0,0,VLOOKUP(D89,'Справочник соответствий'!A$2:D$2981,2,FALSE))) -> 0 | K89: =IF(B89="Многоквартирный дом",IF(I89-J89>0,I89-J89,1),I89) -> 1 | L89: =IFERROR(VLOOKUP(C89,'Справочник соответствий'!A$2:D$2981,3,FALSE),IF(VALUE(C89)=0,"ЭТАЖ НЕ ОПРЕДЕЛЕН. ПРИНЯТ ПО ДОПУЩЕНИЮ 1",VLOOKUP(C89,'Справочник соответствий'!A$2:D$2981,3,FALSE))) -> ЭТАЖ ЗАДАН ЧИСЛОМ | M89: =I89=E89 -> FALSE | N89: =IF(VALUE(E89)=0,VALUE(K89),IF(L89="ЭТАЖ НЕ ОПРЕДЕЛЕН. ПРИНЯТ ПО ДОПУЩЕНИЮ 1",VALUE(E89),VALUE(K89))) -> 1 | O89: =IF(VALUE(E89)=0,L89,IF(L89="ЭТАЖ НЕ ОПРЕДЕЛЕН. ПРИНЯТ ПО ДОПУЩЕНИЮ 1",F89,L89)) -> ЭТАЖ ЗАДАН ЧИСЛОМ | P89: =IF(B89="Многоквартирный дом",CONCATENATE("МКД_",O89),O89) -> ЭТАЖ ЗАДАН ЧИСЛОМ | Q89: =IFERROR(IF(N89>0,IF(N89=VALUE(E89),"ГОТОВ","ГОТОВ_ИЗМЕНЕН"),"НЕ ГОТОВ"),"НЕ ГОТОВ") -> ГОТОВ_ИЗМЕНЕН | R89: =IFERROR(VLOOKUP(P89,Лист1!A$1:B$20,2,FALSE),0) -> 784 | S89: =VALUE(E89) -> 0
A90: 66:41:0313010:24396 | B90: Многоквартирный дом | C90: 19 | D90: 1 | G90: 18.01.2023 | H90: НЕ ГОТОВ | I90: =IFERROR(VLOOKUP(C90,'Справочник соответствий'!A$2:D$2981,2,FALSE),IF(VALUE(C90)=0,1,VLOOKUP(C90,'Справочник соответствий'!A$2:D$2981,2,FALSE))) -> 19 | J90: =IFERROR(VLOOKUP(D90,'Справочник соответствий'!A$2:D$2981,2,FALSE),IF(VALUE(D90)=0,0,VLOOKUP(D90,'Справочник соответствий'!A$2:D$2981,2,FALSE))) -> 1 | K90: =IF(B90="Многоквартирный дом",IF(I90-J90>0,I90-J90,1),I90) -> 18 | L90: =IFERROR(VLOOKUP(C90,'Справочник соответствий'!A$2:D$2981,3,FALSE),IF(VALUE(C90)=0,"ЭТАЖ НЕ ОПРЕДЕЛЕН. ПРИНЯТ ПО ДОПУЩЕНИЮ 1",VLOOKUP(C90,'Справочник соответствий'!A$2:D$2981,3,FALSE))) -> ЭТАЖ ЗАДАН ЧИСЛОМ | M90: =I90=E90 -> FALSE | N90: =IF(VALUE(E90)=0,VALUE(K90),IF(L90="ЭТАЖ НЕ ОПРЕДЕЛЕН. ПРИНЯТ ПО ДОПУЩЕНИЮ 1",VALUE(E90),VALUE(K90))) -> 18 | O90: =IF(VALUE(E90)=0,L90,IF(L90="ЭТАЖ НЕ ОПРЕДЕЛЕН. ПРИНЯТ ПО ДОПУЩЕНИЮ 1",F90,L90)) -> ЭТАЖ ЗАДАН ЧИСЛОМ | P90: =IF(B90="Многоквартирный дом",CONCATENATE("МКД_",O90),O90) -> МКД_ЭТАЖ ЗАДАН ЧИСЛОМ | Q90: =IFERROR(IF(N90>0,IF(N90=VALUE(E90),"ГОТОВ","ГОТОВ_ИЗМЕНЕН"),"НЕ ГОТОВ"),"НЕ ГОТОВ") -> ГОТОВ_ИЗМЕНЕН | R90: =IFERROR(VLOOKUP(P90,Лист1!A$1:B$20,2,FALSE),0) -> 786 | S90: =VALUE(E90) -> 0
A91: 66:41:0310035:201 | B91: Жилой дом | C91: 1 | G91: 19.01.2023 | H91: НЕ ГОТОВ | I91: =IFERROR(VLOOKUP(C91,'Справочник соответствий'!A$2:D$2981,2,FALSE),IF(VALUE(C91)=0,1,VLOOKUP(C91,'Справочник соответствий'!A$2:D$2981,2,FALSE))) -> 1 | J91: =IFERROR(VLOOKUP(D91,'Справочник соответствий'!A$2:D$2981,2,FALSE),IF(VALUE(D91)=0,0,VLOOKUP(D91,'Справочник соответствий'!A$2:D$2981,2,FALSE))) -> 0 | K91: =IF(B91="Многоквартирный дом",IF(I91-J91>0,I91-J91,1),I91) -> 1 | L91: =IFERROR(VLOOKUP(C91,'Справочник соответствий'!A$2:D$2981,3,FALSE),IF(VALUE(C91)=0,"ЭТАЖ НЕ ОПРЕДЕЛЕН. ПРИНЯТ ПО ДОПУЩЕНИЮ 1",VLOOKUP(C91,'Справочник соответствий'!A$2:D$2981,3,FALSE))) -> ЭТАЖ ЗАДАН ЧИСЛОМ | M91: =I91=E91 -> FALSE | N91: =IF(VALUE(E91)=0,VALUE(K91),IF(L91="ЭТАЖ НЕ ОПРЕДЕЛЕН. ПРИНЯТ ПО ДОПУЩЕНИЮ 1",VALUE(E91),VALUE(K91))) -> 1 | O91: =IF(VALUE(E91)=0,L91,IF(L91="ЭТАЖ НЕ ОПРЕДЕЛЕН. ПРИНЯТ ПО ДОПУЩЕНИЮ 1",F91,L91)) -> ЭТАЖ ЗАДАН ЧИСЛОМ | P91: =IF(B91="Многоквартирный дом",CONCATENATE("МКД_",O91),O91) -> ЭТАЖ ЗАДАН ЧИСЛОМ | Q91: =IFERROR(IF(N91>0,IF(N91=VALUE(E91),"ГОТОВ","ГОТОВ_ИЗМЕНЕН"),"НЕ ГОТОВ"),"НЕ ГОТОВ") -> ГОТОВ_ИЗМЕНЕН | R91: =IFERROR(VLOOKUP(P91,Лист1!A$1:B$20,2,FALSE),0) -> 784 | S91: =VALUE(E91) -> 0
A92: 66:06:4501018:9930 | B92: Жилой дом | C92: 1 | G92: 19.01.2023 | H92: НЕ ГОТОВ | I92: =IFERROR(VLOOKUP(C92,'Справочник соответствий'!A$2:D$2981,2,FALSE),IF(VALUE(C92)=0,1,VLOOKUP(C92,'Справочник соответствий'!A$2:D$2981,2,FALSE))) -> 1 | J92: =IFERROR(VLOOKUP(D92,'Справочник соответствий'!A$2:D$2981,2,FALSE),IF(VALUE(D92)=0,0,VLOOKUP(D92,'Справочник соответствий'!A$2:D$2981,2,FALSE))) -> 0 | K92: =IF(B92="Многоквартирный дом",IF(I92-J92>0,I92-J92,1),I92) -> 1 | L92: =IFERROR(VLOOKUP(C92,'Справочник соответствий'!A$2:D$2981,3,FALSE),IF(VALUE(C92)=0,"ЭТАЖ НЕ ОПРЕДЕЛЕН. ПРИНЯТ ПО ДОПУЩЕНИЮ 1",VLOOKUP(C92,'Справочник соответствий'!A$2:D$2981,3,FALSE))) -> ЭТАЖ ЗАДАН ЧИСЛОМ | M92: =I92=E92 -> FALSE | N92: =IF(VALUE(E92)=0,VALUE(K92),IF(L92="ЭТАЖ НЕ ОПРЕДЕЛЕН. ПРИНЯТ ПО ДОПУЩЕНИЮ 1",VALUE(E92),VALUE(K92))) -> 1 | O92: =IF(VALUE(E92)=0,L92,IF(L92="ЭТАЖ НЕ ОПРЕДЕЛЕН. ПРИНЯТ ПО ДОПУЩЕНИЮ 1",F92,L92)) -> ЭТАЖ ЗАДАН ЧИСЛОМ | P92: =IF(B92="Многоквартирный дом",CONCATENATE("МКД_",O92),O92) -> ЭТАЖ ЗАДАН ЧИСЛОМ | Q92: =IFERROR(IF(N92>0,IF(N92=VALUE(E92),"ГОТОВ","ГОТОВ_ИЗМЕНЕН"),"НЕ ГОТОВ"),"НЕ ГОТОВ") -> ГОТОВ_ИЗМЕНЕН | R92: =IFERROR(VLOOKUP(P92,Лист1!A$1:B$20,2,FALSE),0) -> 784 | S92: =VALUE(E92) -> 0
A93: 66:15:1501019:1146 | B93: Нежилое здание | C93: 1 | G93: 07.02.2023 | H93: НЕ ГОТОВ | I93: =IFERROR(VLOOKUP(C93,'Справочник соответствий'!A$2:D$2981,2,FALSE),IF(VALUE(C93)=0,1,VLOOKUP(C93,'Справочник соответствий'!A$2:D$2981,2,FALSE))) -> 1 | J93: =IFERROR(VLOOKUP(D93,'Справочник соответствий'!A$2:D$2981,2,FALSE),IF(VALUE(D93)=0,0,VLOOKUP(D93,'Справочник соответствий'!A$2:D$2981,2,FALSE))) -> 0 | K93: =IF(B93="Многоквартирный дом",IF(I93-J93>0,I93-J93,1),I93) -> 1 | L93: =IFERROR(VLOOKUP(C93,'Справочник соответствий'!A$2:D$2981,3,FALSE),IF(VALUE(C93)=0,"ЭТАЖ НЕ ОПРЕДЕЛЕН. ПРИНЯТ ПО ДОПУЩЕНИЮ 1",VLOOKUP(C93,'Справочник соответствий'!A$2:D$2981,3,FALSE))) -> ЭТАЖ ЗАДАН ЧИСЛОМ | M93: =I93=E93 -> FALSE | N93: =IF(VALUE(E93)=0,VALUE(K93),IF(L93="ЭТАЖ НЕ ОПРЕДЕЛЕН. ПРИНЯТ ПО ДОПУЩЕНИЮ 1",VALUE(E93),VALUE(K93))) -> 1 | O93: =IF(VALUE(E93)=0,L93,IF(L93="ЭТАЖ НЕ ОПРЕДЕЛЕН. ПРИНЯТ ПО ДОПУЩЕНИЮ 1",F93,L93)) -> ЭТАЖ ЗАДАН ЧИСЛОМ | P93: =IF(B93="Многоквартирный дом",CONCATENATE("МКД_",O93),O93) -> ЭТАЖ ЗАДАН ЧИСЛОМ | Q93: =IFERROR(IF(N93>0,IF(N93=VALUE(E93),"ГОТОВ","ГОТОВ_ИЗМЕНЕН"),"НЕ ГОТОВ"),"НЕ ГОТОВ") -> ГОТОВ_ИЗМЕНЕН | R93: =IFERROR(VLOOKUP(P93,Лист1!A$1:B$20,2,FALSE),0) -> 784 | S93: =VALUE(E93) -> 0
A94: 66:25:4801001:327 | B94: Жилой дом | C94: 1 | G94: 31.01.2023 | H94: НЕ ГОТОВ | I94: =IFERROR(VLOOKUP(C94,'Справочник соответствий'!A$2:D$2981,2,FALSE),IF(VALUE(C94)=0,1,VLOOKUP(C94,'Справочник соответствий'!A$2:D$2981,2,FALSE))) -> 1 | J94: =IFERROR(VLOOKUP(D94,'Справочник соответствий'!A$2:D$2981,2,FALSE),IF(VALUE(D94)=0,0,VLOOKUP(D94,'Справочник соответствий'!A$2:D$2981,2,FALSE))) -> 0 | K94: =IF(B94="Многоквартирный дом",IF(I94-J94>0,I94-J94,1),I94) -> 1 | L94: =IFERROR(VLOOKUP(C94,'Справочник соответствий'!A$2:D$2981,3,FALSE),IF(VALUE(C94)=0,"ЭТАЖ НЕ ОПРЕДЕЛЕН. ПРИНЯТ ПО ДОПУЩЕНИЮ 1",VLOOKUP(C94,'Справочник соответствий'!A$2:D$2981,3,FALSE))) -> ЭТАЖ ЗАДАН ЧИСЛОМ | M94: =I94=E94 -> FALSE | N94: =IF(VALUE(E94)=0,VALUE(K94),IF(L94="ЭТАЖ НЕ ОПРЕДЕЛЕН. ПРИНЯТ ПО ДОПУЩЕНИЮ 1",VALUE(E94),VALUE(K94))) -> 1 | O94: =IF(VALUE(E94)=0,L94,IF(L94="ЭТАЖ НЕ ОПРЕДЕЛЕН. ПРИНЯТ ПО ДОПУЩЕНИЮ 1",F94,L94)) -> ЭТАЖ ЗАДАН ЧИСЛОМ | P94: =IF(B94="Многоквартирный дом",CONCATENATE("МКД_",O94),O94) -> ЭТАЖ ЗАДАН ЧИСЛОМ | Q94: =IFERROR(IF(N94>0,IF(N94=VALUE(E94),"ГОТОВ","ГОТОВ_ИЗМЕНЕН"),"НЕ ГОТОВ"),"НЕ ГОТОВ") -> ГОТОВ_ИЗМЕНЕН | R94: =IFERROR(VLOOKUP(P94,Лист1!A$1:B$20,2,FALSE),0) -> 784 | S94: =VALUE(E94) -> 0
A95: 66:35:0108001:2747 | B95: Многоквартирный дом | C95: 4 | G95: 19.01.2023 | H95: НЕ ГОТОВ | I95: =IFERROR(VLOOKUP(C95,'Справочник соответствий'!A$2:D$2981,2,FALSE),IF(VALUE(C95)=0,1,VLOOKUP(C95,'Справочник соответствий'!A$2:D$2981,2,FALSE))) -> 4 | J95: =IFERROR(VLOOKUP(D95,'Справочник соответствий'!A$2:D$2981,2,FALSE),IF(VALUE(D95)=0,0,VLOOKUP(D95,'Справочник соответствий'!A$2:D$2981,2,FALSE))) -> 0 | K95: =IF(B95="Многоквартирный дом",IF(I95-J95>0,I95-J95,1),I95) -> 4 | L95: =IFERROR(VLOOKUP(C95,'Справочник соответствий'!A$2:D$2981,3,FALSE),IF(VALUE(C95)=0,"ЭТАЖ НЕ ОПРЕДЕЛЕН. ПРИНЯТ ПО ДОПУЩЕНИЮ 1",VLOOKUP(C95,'Справочник соответствий'!A$2:D$2981,3,FALSE))) -> ЭТАЖ ЗАДАН ЧИСЛОМ | M95: =I95=E95 -> FALSE | N95: =IF(VALUE(E95)=0,VALUE(K95),IF(L95="ЭТАЖ НЕ ОПРЕДЕЛЕН. ПРИНЯТ ПО ДОПУЩЕНИЮ 1",VALUE(E95),VALUE(K95))) -> 4 | O95: =IF(VALUE(E95)=0,L95,IF(L95="ЭТАЖ НЕ ОПРЕДЕЛЕН. ПРИНЯТ ПО ДОПУЩЕНИЮ 1",F95,L95)) -> ЭТАЖ ЗАДАН ЧИСЛОМ | P95: =IF(B95="Многоквартирный дом",CONCATENATE("МКД_",O95),O95) -> МКД_ЭТАЖ ЗАДАН ЧИСЛОМ | Q95: =IFERROR(IF(N95>0,IF(N95=VALUE(E95),"ГОТОВ","ГОТОВ_ИЗМЕНЕН"),"НЕ ГОТОВ"),"НЕ ГОТОВ") -> ГОТОВ_ИЗМЕНЕН | R95: =IFERROR(VLOOKUP(P95,Лист1!A$1:B$20,2,FALSE),0) -> 786 | S95: =VALUE(E95) -> 0
A96: 66:41:0309012:1172 | B96: Жилой дом | C96: 3 | G96: 07.02.2023 | H96: НЕ ГОТОВ | I96: =IFERROR(VLOOKUP(C96,'Справочник соответствий'!A$2:D$2981,2,FALSE),IF(VALUE(C96)=0,1,VLOOKUP(C96,'Справочник соответствий'!A$2:D$2981,2,FALSE))) -> 3 | J96: =IFERROR(VLOOKUP(D96,'Справочник соответствий'!A$2:D$2981,2,FALSE),IF(VALUE(D96)=0,0,VLOOKUP(D96,'Справочник соответствий'!A$2:D$2981,2,FALSE))) -> 0 | K96: =IF(B96="Многоквартирный дом",IF(I96-J96>0,I96-J96,1),I96) -> 3 | L96: =IFERROR(VLOOKUP(C96,'Справочник соответствий'!A$2:D$2981,3,FALSE),IF(VALUE(C96)=0,"ЭТАЖ НЕ ОПРЕДЕЛЕН. ПРИНЯТ ПО ДОПУЩЕНИЮ 1",VLOOKUP(C96,'Справочник соответствий'!A$2:D$2981,3,FALSE))) -> ЭТАЖ ЗАДАН ЧИСЛОМ | M96: =I96=E96 -> FALSE | N96: =IF(VALUE(E96)=0,VALUE(K96),IF(L96="ЭТАЖ НЕ ОПРЕДЕЛЕН. ПРИНЯТ ПО ДОПУЩЕНИЮ 1",VALUE(E96),VALUE(K96))) -> 3 | O96: =IF(VALUE(E96)=0,L96,IF(L96="ЭТАЖ НЕ ОПРЕДЕЛЕН. ПРИНЯТ ПО ДОПУЩЕНИЮ 1",F96,L96)) -> ЭТАЖ ЗАДАН ЧИСЛОМ | P96: =IF(B96="Многоквартирный дом",CONCATENATE("МКД_",O96),O96) -> ЭТАЖ ЗАДАН ЧИСЛОМ | Q96: =IFERROR(IF(N96>0,IF(N96=VALUE(E96),"ГОТОВ","ГОТОВ_ИЗМЕНЕН"),"НЕ ГОТОВ"),"НЕ ГОТОВ") -> ГОТОВ_ИЗМЕНЕН | R96: =IFERROR(VLOOKUP(P96,Лист1!A$1:B$20,2,FALSE),0) -> 784 | S96: =VALUE(E96) -> 0
A97: 66:42:0102001:4590 | B97: Жилой дом | C97: 2 | G97: 19.01.2023 | H97: НЕ ГОТОВ | I97: =IFERROR(VLOOKUP(C97,'Справочник соответствий'!A$2:D$2981,2,FALSE),IF(VALUE(C97)=0,1,VLOOKUP(C97,'Справочник соответствий'!A$2:D$2981,2,FALSE))) -> 2 | J97: =IFERROR(VLOOKUP(D97,'Справочник соответствий'!A$2:D$2981,2,FALSE),IF(VALUE(D97)=0,0,VLOOKUP(D97,'Справочник соответствий'!A$2:D$2981,2,FALSE))) -> 0 | K97: =IF(B97="Многоквартирный дом",IF(I97-J97>0,I97-J97,1),I97) -> 2 | L97: =IFERROR(VLOOKUP(C97,'Справочник соответствий'!A$2:D$2981,3,FALSE),IF(VALUE(C97)=0,"ЭТАЖ НЕ ОПРЕДЕЛЕН. ПРИНЯТ ПО ДОПУЩЕНИЮ 1",VLOOKUP(C97,'Справочник соответствий'!A$2:D$2981,3,FALSE))) -> ЭТАЖ ЗАДАН ЧИСЛОМ | M97: =I97=E97 -> FALSE | N97: =IF(VALUE(E97)=0,VALUE(K97),IF(L97="ЭТАЖ НЕ ОПРЕДЕЛЕН. ПРИНЯТ ПО ДОПУЩЕНИЮ 1",VALUE(E97),VALUE(K97))) -> 2 | O97: =IF(VALUE(E97)=0,L97,IF(L97="ЭТАЖ НЕ ОПРЕДЕЛЕН. ПРИНЯТ ПО ДОПУЩЕНИЮ 1",F97,L97)) -> ЭТАЖ ЗАДАН ЧИСЛОМ | P97: =IF(B97="Многоквартирный дом",CONCATENATE("МКД_",O97),O97) -> ЭТАЖ ЗАДАН ЧИСЛОМ | Q97: =IFERROR(IF(N97>0,IF(N97=VALUE(E97),"ГОТОВ","ГОТОВ_ИЗМЕНЕН"),"НЕ ГОТОВ"),"НЕ ГОТОВ") -> ГОТОВ_ИЗМЕНЕН | R97: =IFERROR(VLOOKUP(P97,Лист1!A$1:B$20,2,FALSE),0) -> 784 | S97: =VALUE(E97) -> 0
A98: 66:54:0110002:305 | B98: Нежилое здание | G98: 31.01.2023 | H98: НЕ ГОТОВ | I98: =IFERROR(VLOOKUP(C98,'Справочник соответствий'!A$2:D$2981,2,FALSE),IF(VALUE(C98)=0,1,VLOOKUP(C98,'Справочник соответствий'!A$2:D$2981,2,FALSE))) -> 1 | J98: =IFERROR(VLOOKUP(D98,'Справочник соответствий'!A$2:D$2981,2,FALSE),IF(VALUE(D98)=0,0,VLOOKUP(D98,'Справочник соответствий'!A$2:D$2981,2,FALSE))) -> 0 | K98: =IF(B98="Многоквартирный дом",IF(I98-J98>0,I98-J98,1),I98) -> 1 | L98: =IFERROR(VLOOKUP(C98,'Справочник соответствий'!A$2:D$2981,3,FALSE),IF(VALUE(C98)=0,"ЭТАЖ НЕ ОПРЕДЕЛЕН. ПРИНЯТ ПО ДОПУЩЕНИЮ 1",VLOOKUP(C98,'Справочник соответствий'!A$2:D$2981,3,FALSE))) -> ЭТАЖ НЕ ОПРЕДЕЛЕН. ПРИНЯТ ПО ДОПУЩЕНИЮ 1 | M98: =I98=E98 -> FALSE | N98: =IF(VALUE(E98)=0,VALUE(K98),IF(L98="ЭТАЖ НЕ ОПРЕДЕЛЕН. ПРИНЯТ ПО ДОПУЩЕНИЮ 1",VALUE(E98),VALUE(K98))) -> 1 | O98: =IF(VALUE(E98)=0,L98,IF(L98="ЭТАЖ НЕ ОПРЕДЕЛЕН. ПРИНЯТ ПО ДОПУЩЕНИЮ 1",F98,L98)) -> ЭТАЖ НЕ ОПРЕДЕЛЕН. ПРИНЯТ ПО ДОПУЩЕНИЮ 1 | P98: =IF(B98="Многоквартирный дом",CONCATENATE("МКД_",O98),O98) -> ЭТАЖ НЕ ОПРЕДЕЛЕН. ПРИНЯТ ПО ДОПУЩЕНИЮ 1 | Q98: =IFERROR(IF(N98>0,IF(N98=VALUE(E98),"ГОТОВ","ГОТОВ_ИЗМЕНЕН"),"НЕ ГОТОВ"),"НЕ ГОТОВ") -> ГОТОВ_ИЗМЕНЕН | R98: =IFERROR(VLOOKUP(P98,Лист1!A$1:B$20,2,FALSE),0) -> 788 | S98: =VALUE(E98) -> 0
A99: 66:63:0101022:2135 | B99: Нежилое здание | G99: 19.01.2023 | H99: НЕ ГОТОВ | I99: =IFERROR(VLOOKUP(C99,'Справочник соответствий'!A$2:D$2981,2,FALSE),IF(VALUE(C99)=0,1,VLOOKUP(C99,'Справочник соответствий'!A$2:D$2981,2,FALSE))) -> 1 | J99: =IFERROR(VLOOKUP(D99,'Справочник соответствий'!A$2:D$2981,2,FALSE),IF(VALUE(D99)=0,0,VLOOKUP(D99,'Справочник соответствий'!A$2:D$2981,2,FALSE))) -> 0 | K99: =IF(B99="Многоквартирный дом",IF(I99-J99>0,I99-J99,1),I99) -> 1 | L99: =IFERROR(VLOOKUP(C99,'Справочник соответствий'!A$2:D$2981,3,FALSE),IF(VALUE(C99)=0,"ЭТАЖ НЕ ОПРЕДЕЛЕН. ПРИНЯТ ПО ДОПУЩЕНИЮ 1",VLOOKUP(C99,'Справочник соответствий'!A$2:D$2981,3,FALSE))) -> ЭТАЖ НЕ ОПРЕДЕЛЕН. ПРИНЯТ ПО ДОПУЩЕНИЮ 1 | M99: =I99=E99 -> FALSE | N99: =IF(VALUE(E99)=0,VALUE(K99),IF(L99="ЭТАЖ НЕ ОПРЕДЕЛЕН. ПРИНЯТ ПО ДОПУЩЕНИЮ 1",VALUE(E99),VALUE(K99))) -> 1 | O99: =IF(VALUE(E99)=0,L99,IF(L99="ЭТАЖ НЕ ОПРЕДЕЛЕН. ПРИНЯТ ПО ДОПУЩЕНИЮ 1",F99,L99)) -> ЭТАЖ НЕ ОПРЕДЕЛЕН. ПРИНЯТ ПО ДОПУЩЕНИЮ 1 | P99: =IF(B99="Многоквартирный дом",CONCATENATE("МКД_",O99),O99) -> ЭТАЖ НЕ ОПРЕДЕЛЕН. ПРИНЯТ ПО ДОПУЩЕНИЮ 1 | Q99: =IFERROR(IF(N99>0,IF(N99=VALUE(E99),"ГОТОВ","ГОТОВ_ИЗМЕНЕН"),"НЕ ГОТОВ"),"НЕ ГОТОВ") -> ГОТОВ_ИЗМЕНЕН | R99: =IFERROR(VLOOKUP(P99,Лист1!A$1:B$20,2,FALSE),0) -> 788 | S99: =VALUE(E99) -> 0
A100: 66:63:0101068:1463 | B100: Нежилое здание | C100: 1 | G100: 31.01.2023 | H100: НЕ ГОТОВ | I100: =IFERROR(VLOOKUP(C100,'Справочник соответствий'!A$2:D$2981,2,FALSE),IF(VALUE(C100)=0,1,VLOOKUP(C100,'Справочник соответствий'!A$2:D$2981,2,FALSE))) -> 1 | J100: =IFERROR(VLOOKUP(D100,'Справочник соответствий'!A$2:D$2981,2,FALSE),IF(VALUE(D100)=0,0,VLOOKUP(D100,'Справочник соответствий'!A$2:D$2981,2,FALSE))) -> 0 | K100: =IF(B100="Многоквартирный дом",IF(I100-J100>0,I100-J100,1),I100) -> 1 | L100: =IFERROR(VLOOKUP(C100,'Справочник соответствий'!A$2:D$2981,3,FALSE),IF(VALUE(C100)=0,"ЭТАЖ НЕ ОПРЕДЕЛЕН. ПРИНЯТ ПО ДОПУЩЕНИЮ 1",VLOOKUP(C100,'Справочник соответствий'!A$2:D$2981,3,FALSE))) -> ЭТАЖ ЗАДАН ЧИСЛОМ | M100: =I100=E100 -> FALSE | N100: =IF(VALUE(E100)=0,VALUE(K100),IF(L100="ЭТАЖ НЕ ОПРЕДЕЛЕН. ПРИНЯТ ПО ДОПУЩЕНИЮ 1",VALUE(E100),VALUE(K100))) -> 1 | O100: =IF(VALUE(E100)=0,L100,IF(L100="ЭТАЖ НЕ ОПРЕДЕЛЕН. ПРИНЯТ ПО ДОПУЩЕНИЮ 1",F100,L100)) -> ЭТАЖ ЗАДАН ЧИСЛОМ | P100: =IF(B100="Многоквартирный дом",CONCATENATE("МКД_",O100),O100) -> ЭТАЖ ЗАДАН ЧИСЛОМ | Q100: =IFERROR(IF(N100>0,IF(N100=VALUE(E100),"ГОТОВ","ГОТОВ_ИЗМЕНЕН"),"НЕ ГОТОВ"),"НЕ ГОТОВ") -> ГОТОВ_ИЗМЕНЕН | R100: =IFERROR(VLOOKUP(P100,Лист1!A$1:B$20,2,FALSE),0) -> 784 | S100: =VALUE(E100) -> 0
A101: 66:06:1701005:1104 | B101: Нежилое здание | C101: 1 | G101: 20.01.2023 | H101: НЕ ГОТОВ | I101: =IFERROR(VLOOKUP(C101,'Справочник соответствий'!A$2:D$2981,2,FALSE),IF(VALUE(C101)=0,1,VLOOKUP(C101,'Справочник соответствий'!A$2:D$2981,2,FALSE))) -> 1 | J101: =IFERROR(VLOOKUP(D101,'Справочник соответствий'!A$2:D$2981,2,FALSE),IF(VALUE(D101)=0,0,VLOOKUP(D101,'Справочник соответствий'!A$2:D$2981,2,FALSE))) -> 0 | K101: =IF(B101="Многоквартирный дом",IF(I101-J101>0,I101-J101,1),I101) -> 1 | L101: =IFERROR(VLOOKUP(C101,'Справочник соответствий'!A$2:D$2981,3,FALSE),IF(VALUE(C101)=0,"ЭТАЖ НЕ ОПРЕДЕЛЕН. ПРИНЯТ ПО ДОПУЩЕНИЮ 1",VLOOKUP(C101,'Справочник соответствий'!A$2:D$2981,3,FALSE))) -> ЭТАЖ ЗАДАН ЧИСЛОМ | M101: =I101=E101 -> FALSE | N101: =IF(VALUE(E101)=0,VALUE(K101),IF(L101="ЭТАЖ НЕ ОПРЕДЕЛЕН. ПРИНЯТ ПО ДОПУЩЕНИЮ 1",VALUE(E101),VALUE(K101))) -> 1 | O101: =IF(VALUE(E101)=0,L101,IF(L101="ЭТАЖ НЕ ОПРЕДЕЛЕН. ПРИНЯТ ПО ДОПУЩЕНИЮ 1",F101,L101)) -> ЭТАЖ ЗАДАН ЧИСЛОМ | P101: =IF(B101="Многоквартирный дом",CONCATENATE("МКД_",O101),O101) -> ЭТАЖ ЗАДАН ЧИСЛОМ | Q101: =IFERROR(IF(N101>0,IF(N101=VALUE(E101),"ГОТОВ","ГОТОВ_ИЗМЕНЕН"),"НЕ ГОТОВ"),"НЕ ГОТОВ") -> ГОТОВ_ИЗМЕНЕН | R101: =IFERROR(VLOOKUP(P101,Лист1!A$1:B$20,2,FALSE),0) -> 784 | S101: =VALUE(E101) -> 0
A102: 66:11:1301002:605 | B102: Жилой дом | C102: 1 | G102: 20.01.2023 | H102: НЕ ГОТОВ | I102: =IFERROR(VLOOKUP(C102,'Справочник соответствий'!A$2:D$2981,2,FALSE),IF(VALUE(C102)=0,1,VLOOKUP(C102,'Справочник соответствий'!A$2:D$2981,2,FALSE))) -> 1 | J102: =IFERROR(VLOOKUP(D102,'Справочник соответствий'!A$2:D$2981,2,FALSE),IF(VALUE(D102)=0,0,VLOOKUP(D102,'Справочник соответствий'!A$2:D$2981,2,FALSE))) -> 0 | K102: =IF(B102="Многоквартирный дом",IF(I102-J102>0,I102-J102,1),I102) -> 1 | L102: =IFERROR(VLOOKUP(C102,'Справочник соответствий'!A$2:D$2981,3,FALSE),IF(VALUE(C102)=0,"ЭТАЖ НЕ ОПРЕДЕЛЕН. ПРИНЯТ ПО ДОПУЩЕНИЮ 1",VLOOKUP(C102,'Справочник соответствий'!A$2:D$2981,3,FALSE))) -> ЭТАЖ ЗАДАН ЧИСЛОМ | M102: =I102=E102 -> FALSE | N102: =IF(VALUE(E102)=0,VALUE(K102),IF(L102="ЭТАЖ НЕ ОПРЕДЕЛЕН. ПРИНЯТ ПО ДОПУЩЕНИЮ 1",VALUE(E102),VALUE(K102))) -> 1 | O102: =IF(VALUE(E102)=0,L102,IF(L102="ЭТАЖ НЕ ОПРЕДЕЛЕН. ПРИНЯТ ПО ДОПУЩЕНИЮ 1",F102,L102)) -> ЭТАЖ ЗАДАН ЧИСЛОМ | P102: =IF(B102="Многоквартирный дом",CONCATENATE("МКД_",O102),O102) -> ЭТАЖ ЗАДАН ЧИСЛОМ | Q102: =IFERROR(IF(N102>0,IF(N102=VALUE(E102),"ГОТОВ","ГОТОВ_ИЗМЕНЕН"),"НЕ ГОТОВ"),"НЕ ГОТОВ") -> ГОТОВ_ИЗМЕНЕН | R102: =IFERROR(VLOOKUP(P102,Лист1!A$1:B$20,2,FALSE),0) -> 784 | S102: =VALUE(E102) -> 0
A103: 66:21:1204008:789 | B103: Жилой дом | C103: 1 | G103: 20.01.2023 | H103: НЕ ГОТОВ | I103: =IFERROR(VLOOKUP(C103,'Справочник соответствий'!A$2:D$2981,2,FALSE),IF(VALUE(C103)=0,1,VLOOKUP(C103,'Справочник соответствий'!A$2:D$2981,2,FALSE))) -> 1 | J103: =IFERROR(VLOOKUP(D103,'Справочник соответствий'!A$2:D$2981,2,FALSE),IF(VALUE(D103)=0,0,VLOOKUP(D103,'Справочник соответствий'!A$2:D$2981,2,FALSE))) -> 0 | K103: =IF(B103="Многоквартирный дом",IF(I103-J103>0,I103-J103,1),I103) -> 1 | L103: =IFERROR(VLOOKUP(C103,'Справочник соответствий'!A$2:D$2981,3,FALSE),IF(VALUE(C103)=0,"ЭТАЖ НЕ ОПРЕДЕЛЕН. ПРИНЯТ ПО ДОПУЩЕНИЮ 1",VLOOKUP(C103,'Справочник соответствий'!A$2:D$2981,3,FALSE))) -> ЭТАЖ ЗАДАН ЧИСЛОМ | M103: =I103=E103 -> FALSE | N103: =IF(VALUE(E103)=0,VALUE(K103),IF(L103="ЭТАЖ НЕ ОПРЕДЕЛЕН. ПРИНЯТ ПО ДОПУЩЕНИЮ 1",VALUE(E103),VALUE(K103))) -> 1 | O103: =IF(VALUE(E103)=0,L103,IF(L103="ЭТАЖ НЕ ОПРЕДЕЛЕН. ПРИНЯТ ПО ДОПУЩЕНИЮ 1",F103,L103)) -> ЭТАЖ ЗАДАН ЧИСЛОМ | P103: =IF(B103="Многоквартирный дом",CONCATENATE("МКД_",O103),O103) -> ЭТАЖ ЗАДАН ЧИСЛОМ | Q103: =IFERROR(IF(N103>0,IF(N103=VALUE(E103),"ГОТОВ","ГОТОВ_ИЗМЕНЕН"),"НЕ ГОТОВ"),"НЕ ГОТОВ") -> ГОТОВ_ИЗМЕНЕН | R103: =IFERROR(VLOOKUP(P103,Лист1!A$1:B$20,2,FALSE),0) -> 784 | S103: =VALUE(E103) -> 0
A104: 66:35:0000000:7771 | B104: Нежилое здание | G104: 03.02.2023 | H104: НЕ ГОТОВ | I104: =IFERROR(VLOOKUP(C104,'Справочник соответствий'!A$2:D$2981,2,FALSE),IF(VALUE(C104)=0,1,VLOOKUP(C104,'Справочник соответствий'!A$2:D$2981,2,FALSE))) -> 1 | J104: =IFERROR(VLOOKUP(D104,'Справочник соответствий'!A$2:D$2981,2,FALSE),IF(VALUE(D104)=0,0,VLOOKUP(D104,'Справочник соответствий'!A$2:D$2981,2,FALSE))) -> 0 | K104: =IF(B104="Многоквартирный дом",IF(I104-J104>0,I104-J104,1),I104) -> 1 | L104: =IFERROR(VLOOKUP(C104,'Справочник соответствий'!A$2:D$2981,3,FALSE),IF(VALUE(C104)=0,"ЭТАЖ НЕ ОПРЕДЕЛЕН. ПРИНЯТ ПО ДОПУЩЕНИЮ 1",VLOOKUP(C104,'Справочник соответствий'!A$2:D$2981,3,FALSE))) -> ЭТАЖ НЕ ОПРЕДЕЛЕН. ПРИНЯТ ПО ДОПУЩЕНИЮ 1 | M104: =I104=E104 -> FALSE | N104: =IF(VALUE(E104)=0,VALUE(K104),IF(L104="ЭТАЖ НЕ ОПРЕДЕЛЕН. ПРИНЯТ ПО ДОПУЩЕНИЮ 1",VALUE(E104),VALUE(K104))) -> 1 | O104: =IF(VALUE(E104)=0,L104,IF(L104="ЭТАЖ НЕ ОПРЕДЕЛЕН. ПРИНЯТ ПО ДОПУЩЕНИЮ 1",F104,L104)) -> ЭТАЖ НЕ ОПРЕДЕЛЕН. ПРИНЯТ ПО ДОПУЩЕНИЮ 1 | P104: =IF(B104="Многоквартирный дом",CONCATENATE("МКД_",O104),O104) -> ЭТАЖ НЕ ОПРЕДЕЛЕН. ПРИНЯТ ПО ДОПУЩЕНИЮ 1 | Q104: =IFERROR(IF(N104>0,IF(N104=VALUE(E104),"ГОТОВ","ГОТОВ_ИЗМЕНЕН"),"НЕ ГОТОВ"),"НЕ ГОТОВ") -> ГОТОВ_ИЗМЕНЕН | R104: =IFERROR(VLOOKUP(P104,Лист1!A$1:B$20,2,FALSE),0) -> 788 | S104: =VALUE(E104) -> 0
A105: 66:41:0000000:195379 | B105: Жилой дом | G105: 07.02.2023 | H105: НЕ ГОТОВ | I105: =IFERROR(VLOOKUP(C105,'Справочник соответствий'!A$2:D$2981,2,FALSE),IF(VALUE(C105)=0,1,VLOOKUP(C105,'Справочник соответствий'!A$2:D$2981,2,FALSE))) -> 1 | J105: =IFERROR(VLOOKUP(D105,'Справочник соответствий'!A$2:D$2981,2,FALSE),IF(VALUE(D105)=0,0,VLOOKUP(D105,'Справочник соответствий'!A$2:D$2981,2,FALSE))) -> 0 | K105: =IF(B105="Многоквартирный дом",IF(I105-J105>0,I105-J105,1),I105) -> 1 | L105: =IFERROR(VLOOKUP(C105,'Справочник соответствий'!A$2:D$2981,3,FALSE),IF(VALUE(C105)=0,"ЭТАЖ НЕ ОПРЕДЕЛЕН. ПРИНЯТ ПО ДОПУЩЕНИЮ 1",VLOOKUP(C105,'Справочник соответствий'!A$2:D$2981,3,FALSE))) -> ЭТАЖ НЕ ОПРЕДЕЛЕН. ПРИНЯТ ПО ДОПУЩЕНИЮ 1 | M105: =I105=E105 -> FALSE | N105: =IF(VALUE(E105)=0,VALUE(K105),IF(L105="ЭТАЖ НЕ ОПРЕДЕЛЕН. ПРИНЯТ ПО ДОПУЩЕНИЮ 1",VALUE(E105),VALUE(K105))) -> 1 | O105: =IF(VALUE(E105)=0,L105,IF(L105="ЭТАЖ НЕ ОПРЕДЕЛЕН. ПРИНЯТ ПО ДОПУЩЕНИЮ 1",F105,L105)) -> ЭТАЖ НЕ ОПРЕДЕЛЕН. ПРИНЯТ ПО ДОПУЩЕНИЮ 1 | P105: =IF(B105="Многоквартирный дом",CONCATENATE("МКД_",O105),O105) -> ЭТАЖ НЕ ОПРЕДЕЛЕН. ПРИНЯТ ПО ДОПУЩЕНИЮ 1 | Q105: =IFERROR(IF(N105>0,IF(N105=VALUE(E105),"ГОТОВ","ГОТОВ_ИЗМЕНЕН"),"НЕ ГОТОВ"),"НЕ ГОТОВ") -> ГОТОВ_ИЗМЕНЕН | R105: =IFERROR(VLOOKUP(P105,Лист1!A$1:B$20,2,FALSE),0) -> 788 | S105: =VALUE(E105) -> 0
A106: 66:41:0309012:1146 | B106: Жилой дом | C106: 3 | G106: 07.02.2023 | H106: НЕ ГОТОВ | I106: =IFERROR(VLOOKUP(C106,'Справочник соответствий'!A$2:D$2981,2,FALSE),IF(VALUE(C106)=0,1,VLOOKUP(C106,'Справочник соответствий'!A$2:D$2981,2,FALSE))) -> 3 | J106: =IFERROR(VLOOKUP(D106,'Справочник соответствий'!A$2:D$2981,2,FALSE),IF(VALUE(D106)=0,0,VLOOKUP(D106,'Справочник соответствий'!A$2:D$2981,2,FALSE))) -> 0 | K106: =IF(B106="Многоквартирный дом",IF(I106-J106>0,I106-J106,1),I106) -> 3 | L106: =IFERROR(VLOOKUP(C106,'Справочник соответствий'!A$2:D$2981,3,FALSE),IF(VALUE(C106)=0,"ЭТАЖ НЕ ОПРЕДЕЛЕН. ПРИНЯТ ПО ДОПУЩЕНИЮ 1",VLOOKUP(C106,'Справочник соответствий'!A$2:D$2981,3,FALSE))) -> ЭТАЖ ЗАДАН ЧИСЛОМ | M106: =I106=E106 -> FALSE | N106: =IF(VALUE(E106)=0,VALUE(K106),IF(L106="ЭТАЖ НЕ ОПРЕДЕЛЕН. ПРИНЯТ ПО ДОПУЩЕНИЮ 1",VALUE(E106),VALUE(K106))) -> 3 | O106: =IF(VALUE(E106)=0,L106,IF(L106="ЭТАЖ НЕ ОПРЕДЕЛЕН. ПРИНЯТ ПО ДОПУЩЕНИЮ 1",F106,L106)) -> ЭТАЖ ЗАДАН ЧИСЛОМ | P106: =IF(B106="Многоквартирный дом",CONCATENATE("МКД_",O106),O106) -> ЭТАЖ ЗАДАН ЧИСЛОМ | Q106: =IFERROR(IF(N106>0,IF(N106=VALUE(E106),"ГОТОВ","ГОТОВ_ИЗМЕНЕН"),"НЕ ГОТОВ"),"НЕ ГОТОВ") -> ГОТОВ_ИЗМЕНЕН | R106: =IFERROR(VLOOKUP(P106,Лист1!A$1:B$20,2,FALSE),0) -> 784 | S106: =VALUE(E106) -> 0
A107: 66:41:0514018:362 | B107: Жилой дом | C107: 2 | G107: 20.01.2023 | H107: НЕ ГОТОВ | I107: =IFERROR(VLOOKUP(C107,'Справочник соответствий'!A$2:D$2981,2,FALSE),IF(VALUE(C107)=0,1,VLOOKUP(C107,'Справочник соответствий'!A$2:D$2981,2,FALSE))) -> 2 | J107: =IFERROR(VLOOKUP(D107,'Справочник соответствий'!A$2:D$2981,2,FALSE),IF(VALUE(D107)=0,0,VLOOKUP(D107,'Справочник соответствий'!A$2:D$2981,2,FALSE))) -> 0 | K107: =IF(B107="Многоквартирный дом",IF(I107-J107>0,I107-J107,1),I107) -> 2 | L107: =IFERROR(VLOOKUP(C107,'Справочник соответствий'!A$2:D$2981,3,FALSE),IF(VALUE(C107)=0,"ЭТАЖ НЕ ОПРЕДЕЛЕН. ПРИНЯТ ПО ДОПУЩЕНИЮ 1",VLOOKUP(C107,'Справочник соответствий'!A$2:D$2981,3,FALSE))) -> ЭТАЖ ЗАДАН ЧИСЛОМ | M107: =I107=E107 -> FALSE | N107: =IF(VALUE(E107)=0,VALUE(K107),IF(L107="ЭТАЖ НЕ ОПРЕДЕЛЕН. ПРИНЯТ ПО ДОПУЩЕНИЮ 1",VALUE(E107),VALUE(K107))) -> 2 | O107: =IF(VALUE(E107)=0,L107,IF(L107="ЭТАЖ НЕ ОПРЕДЕЛЕН. ПРИНЯТ ПО ДОПУЩЕНИЮ 1",F107,L107)) -> ЭТАЖ ЗАДАН ЧИСЛОМ | P107: =IF(B107="Многоквартирный дом",CONCATENATE("МКД_",O107),O107) -> ЭТАЖ ЗАДАН ЧИСЛОМ | Q107: =IFERROR(IF(N107>0,IF(N107=VALUE(E107),"ГОТОВ","ГОТОВ_ИЗМЕНЕН"),"НЕ ГОТОВ"),"НЕ ГОТОВ") -> ГОТОВ_ИЗМЕНЕН | R107: =IFERROR(VLOOKUP(P107,Лист1!A$1:B$20,2,FALSE),0) -> 784 | S107: =VALUE(E107) -> 0
A108: 66:45:0200364:168 | B108: Жилой дом | C108: 1 | G108: 20.01.2023 | H108: НЕ ГОТОВ | I108: =IFERROR(VLOOKUP(C108,'Справочник соответствий'!A$2:D$2981,2,FALSE),IF(VALUE(C108)=0,1,VLOOKUP(C108,'Справочник соответствий'!A$2:D$2981,2,FALSE))) -> 1 | J108: =IFERROR(VLOOKUP(D108,'Справочник соответствий'!A$2:D$2981,2,FALSE),IF(VALUE(D108)=0,0,VLOOKUP(D108,'Справочник соответствий'!A$2:D$2981,2,FALSE))) -> 0 | K108: =IF(B108="Многоквартирный дом",IF(I108-J108>0,I108-J108,1),I108) -> 1 | L108: =IFERROR(VLOOKUP(C108,'Справочник соответствий'!A$2:D$2981,3,FALSE),IF(VALUE(C108)=0,"ЭТАЖ НЕ ОПРЕДЕЛЕН. ПРИНЯТ ПО ДОПУЩЕНИЮ 1",VLOOKUP(C108,'Справочник соответствий'!A$2:D$2981,3,FALSE))) -> ЭТАЖ ЗАДАН ЧИСЛОМ | M108: =I108=E108 -> FALSE | N108: =IF(VALUE(E108)=0,VALUE(K108),IF(L108="ЭТАЖ НЕ ОПРЕДЕЛЕН. ПРИНЯТ ПО ДОПУЩЕНИЮ 1",VALUE(E108),VALUE(K108))) -> 1 | O108: =IF(VALUE(E108)=0,L108,IF(L108="ЭТАЖ НЕ ОПРЕДЕЛЕН. ПРИНЯТ ПО ДОПУЩЕНИЮ 1",F108,L108)) -> ЭТАЖ ЗАДАН ЧИСЛОМ | P108: =IF(B108="Многоквартирный дом",CONCATENATE("МКД_",O108),O108) -> ЭТАЖ ЗАДАН ЧИСЛОМ | Q108: =IFERROR(IF(N108>0,IF(N108=VALUE(E108),"ГОТОВ","ГОТОВ_ИЗМЕНЕН"),"НЕ ГОТОВ"),"НЕ ГОТОВ") -> ГОТОВ_ИЗМЕНЕН | R108: =IFERROR(VLOOKUP(P108,Лист1!A$1:B$20,2,FALSE),0) -> 784 | S108: =VALUE(E108) -> 0
A109: 66:49:0503026:157 | B109: Жилой дом | G109: 20.01.2023 | H109: НЕ ГОТОВ | I109: =IFERROR(VLOOKUP(C109,'Справочник соответствий'!A$2:D$2981,2,FALSE),IF(VALUE(C109)=0,1,VLOOKUP(C109,'Справочник соответствий'!A$2:D$2981,2,FALSE))) -> 1 | J109: =IFERROR(VLOOKUP(D109,'Справочник соответствий'!A$2:D$2981,2,FALSE),IF(VALUE(D109)=0,0,VLOOKUP(D109,'Справочник соответствий'!A$2:D$2981,2,FALSE))) -> 0 | K109: =IF(B109="Многоквартирный дом",IF(I109-J109>0,I109-J109,1),I109) -> 1 | L109: =IFERROR(VLOOKUP(C109,'Справочник соответствий'!A$2:D$2981,3,FALSE),IF(VALUE(C109)=0,"ЭТАЖ НЕ ОПРЕДЕЛЕН. ПРИНЯТ ПО ДОПУЩЕНИЮ 1",VLOOKUP(C109,'Справочник соответствий'!A$2:D$2981,3,FALSE))) -> ЭТАЖ НЕ ОПРЕДЕЛЕН. ПРИНЯТ ПО ДОПУЩЕНИЮ 1 | M109: =I109=E109 -> FALSE | N109: =IF(VALUE(E109)=0,VALUE(K109),IF(L109="ЭТАЖ НЕ ОПРЕДЕЛЕН. ПРИНЯТ ПО ДОПУЩЕНИЮ 1",VALUE(E109),VALUE(K109))) -> 1 | O109: =IF(VALUE(E109)=0,L109,IF(L109="ЭТАЖ НЕ ОПРЕДЕЛЕН. ПРИНЯТ ПО ДОПУЩЕНИЮ 1",F109,L109)) -> ЭТАЖ НЕ ОПРЕДЕЛЕН. ПРИНЯТ ПО ДОПУЩЕНИЮ 1 | P109: =IF(B109="Многоквартирный дом",CONCATENATE("МКД_",O109),O109) -> ЭТАЖ НЕ ОПРЕДЕЛЕН. ПРИНЯТ ПО ДОПУЩЕНИЮ 1 | Q109: =IFERROR(IF(N109>0,IF(N109=VALUE(E109),"ГОТОВ","ГОТОВ_ИЗМЕНЕН"),"НЕ ГОТОВ"),"НЕ ГОТОВ") -> ГОТОВ_ИЗМЕНЕН | R109: =IFERROR(VLOOKUP(P109,Лист1!A$1:B$20,2,FALSE),0) -> 788 | S109: =VALUE(E109) -> 0
A110: 66:52:0104004:1656 | B110: Нежилое здание | C110: 1 | G110: 20.01.2023 | H110: НЕ ГОТОВ | I110: =IFERROR(VLOOKUP(C110,'Справочник соответствий'!A$2:D$2981,2,FALSE),IF(VALUE(C110)=0,1,VLOOKUP(C110,'Справочник соответствий'!A$2:D$2981,2,FALSE))) -> 1 | J110: =IFERROR(VLOOKUP(D110,'Справочник соответствий'!A$2:D$2981,2,FALSE),IF(VALUE(D110)=0,0,VLOOKUP(D110,'Справочник соответствий'!A$2:D$2981,2,FALSE))) -> 0 | K110: =IF(B110="Многоквартирный дом",IF(I110-J110>0,I110-J110,1),I110) -> 1 | L110: =IFERROR(VLOOKUP(C110,'Справочник соответствий'!A$2:D$2981,3,FALSE),IF(VALUE(C110)=0,"ЭТАЖ НЕ ОПРЕДЕЛЕН. ПРИНЯТ ПО ДОПУЩЕНИЮ 1",VLOOKUP(C110,'Справочник соответствий'!A$2:D$2981,3,FALSE))) -> ЭТАЖ ЗАДАН ЧИСЛОМ | M110: =I110=E110 -> FALSE | N110: =IF(VALUE(E110)=0,VALUE(K110),IF(L110="ЭТАЖ НЕ ОПРЕДЕЛЕН. ПРИНЯТ ПО ДОПУЩЕНИЮ 1",VALUE(E110),VALUE(K110))) -> 1 | O110: =IF(VALUE(E110)=0,L110,IF(L110="ЭТАЖ НЕ ОПРЕДЕЛЕН. ПРИНЯТ ПО ДОПУЩЕНИЮ 1",F110,L110)) -> ЭТАЖ ЗАДАН ЧИСЛОМ | P110: =IF(B110="Многоквартирный дом",CONCATENATE("МКД_",O110),O110) -> ЭТАЖ ЗАДАН ЧИСЛОМ | Q110: =IFERROR(IF(N110>0,IF(N110=VALUE(E110),"ГОТОВ","ГОТОВ_ИЗМЕНЕН"),"НЕ ГОТОВ"),"НЕ ГОТОВ") -> ГОТОВ_ИЗМЕНЕН | R110: =IFERROR(VLOOKUP(P110,Лист1!A$1:B$20,2,FALSE),0) -> 784 | S110: =VALUE(E110) -> 0
A111: 66:59:0217014:1664 | B111: Нежилое здание | C111: 2 | G111: 13.02.2023 | H111: НЕ ГОТОВ | I111: =IFERROR(VLOOKUP(C111,'Справочник соответствий'!A$2:D$2981,2,FALSE),IF(VALUE(C111)=0,1,VLOOKUP(C111,'Справочник соответствий'!A$2:D$2981,2,FALSE))) -> 2 | J111: =IFERROR(VLOOKUP(D111,'Справочник соответствий'!A$2:D$2981,2,FALSE),IF(VALUE(D111)=0,0,VLOOKUP(D111,'Справочник соответствий'!A$2:D$2981,2,FALSE))) -> 0 | K111: =IF(B111="Многоквартирный дом",IF(I111-J111>0,I111-J111,1),I111) -> 2 | L111: =IFERROR(VLOOKUP(C111,'Справочник соответствий'!A$2:D$2981,3,FALSE),IF(VALUE(C111)=0,"ЭТАЖ НЕ ОПРЕДЕЛЕН. ПРИНЯТ ПО ДОПУЩЕНИЮ 1",VLOOKUP(C111,'Справочник соответствий'!A$2:D$2981,3,FALSE))) -> ЭТАЖ ЗАДАН ЧИСЛОМ | M111: =I111=E111 -> FALSE | N111: =IF(VALUE(E111)=0,VALUE(K111),IF(L111="ЭТАЖ НЕ ОПРЕДЕЛЕН. ПРИНЯТ ПО ДОПУЩЕНИЮ 1",VALUE(E111),VALUE(K111))) -> 2 | O111: =IF(VALUE(E111)=0,L111,IF(L111="ЭТАЖ НЕ ОПРЕДЕЛЕН. ПРИНЯТ ПО ДОПУЩЕНИЮ 1",F111,L111)) -> ЭТАЖ ЗАДАН ЧИСЛОМ | P111: =IF(B111="Многоквартирный дом",CONCATENATE("МКД_",O111),O111) -> ЭТАЖ ЗАДАН ЧИСЛОМ | Q111: =IFERROR(IF(N111>0,IF(N111=VALUE(E111),"ГОТОВ","ГОТОВ_ИЗМЕНЕН"),"НЕ ГОТОВ"),"НЕ ГОТОВ") -> ГОТОВ_ИЗМЕНЕН | R111: =IFERROR(VLOOKUP(P111,Лист1!A$1:B$20,2,FALSE),0) -> 784 | S111: =VALUE(E111) -> 0
A112: 66:01:3801001:718 | B112: Жилой дом | C112: 2 | G112: 21.01.2023 | H112: НЕ ГОТОВ | I112: =IFERROR(VLOOKUP(C112,'Справочник соответствий'!A$2:D$2981,2,FALSE),IF(VALUE(C112)=0,1,VLOOKUP(C112,'Справочник соответствий'!A$2:D$2981,2,FALSE))) -> 2 | J112: =IFERROR(VLOOKUP(D112,'Справочник соответствий'!A$2:D$2981,2,FALSE),IF(VALUE(D112)=0,0,VLOOKUP(D112,'Справочник соответствий'!A$2:D$2981,2,FALSE))) -> 0 | K112: =IF(B112="Многоквартирный дом",IF(I112-J112>0,I112-J112,1),I112) -> 2 | L112: =IFERROR(VLOOKUP(C112,'Справочник соответствий'!A$2:D$2981,3,FALSE),IF(VALUE(C112)=0,"ЭТАЖ НЕ ОПРЕДЕЛЕН. ПРИНЯТ ПО ДОПУЩЕНИЮ 1",VLOOKUP(C112,'Справочник соответствий'!A$2:D$2981,3,FALSE))) -> ЭТАЖ ЗАДАН ЧИСЛОМ | M112: =I112=E112 -> FALSE | N112: =IF(VALUE(E112)=0,VALUE(K112),IF(L112="ЭТАЖ НЕ ОПРЕДЕЛЕН. ПРИНЯТ ПО ДОПУЩЕНИЮ 1",VALUE(E112),VALUE(K112))) -> 2 | O112: =IF(VALUE(E112)=0,L112,IF(L112="ЭТАЖ НЕ ОПРЕДЕЛЕН. ПРИНЯТ ПО ДОПУЩЕНИЮ 1",F112,L112)) -> ЭТАЖ ЗАДАН ЧИСЛОМ | P112: =IF(B112="Многоквартирный дом",CONCATENATE("МКД_",O112),O112) -> ЭТАЖ ЗАДАН ЧИСЛОМ | Q112: =IFERROR(IF(N112>0,IF(N112=VALUE(E112),"ГОТОВ","ГОТОВ_ИЗМЕНЕН"),"НЕ ГОТОВ"),"НЕ ГОТОВ") -> ГОТОВ_ИЗМЕНЕН | R112: =IFERROR(VLOOKUP(P112,Лист1!A$1:B$20,2,FALSE),0) -> 784 | S112: =VALUE(E112) -> 0
A113: 66:25:0101010:399 | B113: Нежилое здание | C113: 2 | G113: 21.01.2023 | H113: НЕ ГОТОВ | I113: =IFERROR(VLOOKUP(C113,'Справочник соответствий'!A$2:D$2981,2,FALSE),IF(VALUE(C113)=0,1,VLOOKUP(C113,'Справочник соответствий'!A$2:D$2981,2,FALSE))) -> 2 | J113: =IFERROR(VLOOKUP(D113,'Справочник соответствий'!A$2:D$2981,2,FALSE),IF(VALUE(D113)=0,0,VLOOKUP(D113,'Справочник соответствий'!A$2:D$2981,2,FALSE))) -> 0 | K113: =IF(B113="Многоквартирный дом",IF(I113-J113>0,I113-J113,1),I113) -> 2 | L113: =IFERROR(VLOOKUP(C113,'Справочник соответствий'!A$2:D$2981,3,FALSE),IF(VALUE(C113)=0,"ЭТАЖ НЕ ОПРЕДЕЛЕН. ПРИНЯТ ПО ДОПУЩЕНИЮ 1",VLOOKUP(C113,'Справочник соответствий'!A$2:D$2981,3,FALSE))) -> ЭТАЖ ЗАДАН ЧИСЛОМ | M113: =I113=E113 -> FALSE | N113: =IF(VALUE(E113)=0,VALUE(K113),IF(L113="ЭТАЖ НЕ ОПРЕДЕЛЕН. ПРИНЯТ ПО ДОПУЩЕНИЮ 1",VALUE(E113),VALUE(K113))) -> 2 | O113: =IF(VALUE(E113)=0,L113,IF(L113="ЭТАЖ НЕ ОПРЕДЕЛЕН. ПРИНЯТ ПО ДОПУЩЕНИЮ 1",F113,L113)) -> ЭТАЖ ЗАДАН ЧИСЛОМ | P113: =IF(B113="Многоквартирный дом",CONCATENATE("МКД_",O113),O113) -> ЭТАЖ ЗАДАН ЧИСЛОМ | Q113: =IFERROR(IF(N113>0,IF(N113=VALUE(E113),"ГОТОВ","ГОТОВ_ИЗМЕНЕН"),"НЕ ГОТОВ"),"НЕ ГОТОВ") -> ГОТОВ_ИЗМЕНЕН | R113: =IFERROR(VLOOKUP(P113,Лист1!A$1:B$20,2,FALSE),0) -> 784 | S113: =VALUE(E113) -> 0
A114: 66:25:2401002:427 | B114: Жилой дом | C114: 1 | G114: 03.02.2023 | H114: НЕ ГОТОВ | I114: =IFERROR(VLOOKUP(C114,'Справочник соответствий'!A$2:D$2981,2,FALSE),IF(VALUE(C114)=0,1,VLOOKUP(C114,'Справочник соответствий'!A$2:D$2981,2,FALSE))) -> 1 | J114: =IFERROR(VLOOKUP(D114,'Справочник соответствий'!A$2:D$2981,2,FALSE),IF(VALUE(D114)=0,0,VLOOKUP(D114,'Справочник соответствий'!A$2:D$2981,2,FALSE))) -> 0 | K114: =IF(B114="Многоквартирный дом",IF(I114-J114>0,I114-J114,1),I114) -> 1 | L114: =IFERROR(VLOOKUP(C114,'Справочник соответствий'!A$2:D$2981,3,FALSE),IF(VALUE(C114)=0,"ЭТАЖ НЕ ОПРЕДЕЛЕН. ПРИНЯТ ПО ДОПУЩЕНИЮ 1",VLOOKUP(C114,'Справочник соответствий'!A$2:D$2981,3,FALSE))) -> ЭТАЖ ЗАДАН ЧИСЛОМ | M114: =I114=E114 -> FALSE | N114: =IF(VALUE(E114)=0,VALUE(K114),IF(L114="ЭТАЖ НЕ ОПРЕДЕЛЕН. ПРИНЯТ ПО ДОПУЩЕНИЮ 1",VALUE(E114),VALUE(K114))) -> 1 | O114: =IF(VALUE(E114)=0,L114,IF(L114="ЭТАЖ НЕ ОПРЕДЕЛЕН. ПРИНЯТ ПО ДОПУЩЕНИЮ 1",F114,L114)) -> ЭТАЖ ЗАДАН ЧИСЛОМ | P114: =IF(B114="Многоквартирный дом",CONCATENATE("МКД_",O114),O114) -> ЭТАЖ ЗАДАН ЧИСЛОМ | Q114: =IFERROR(IF(N114>0,IF(N114=VALUE(E114),"ГОТОВ","ГОТОВ_ИЗМЕНЕН"),"НЕ ГОТОВ"),"НЕ ГОТОВ") -> ГОТОВ_ИЗМЕНЕН | R114: =IFERROR(VLOOKUP(P114,Лист1!A$1:B$20,2,FALSE),0) -> 784 | S114: =VALUE(E114) -> 0
A115: 66:33:0101012:2877 | B115: Нежилое здание | C115: 1 | G115: 21.01.2023 | H115: НЕ ГОТОВ | I115: =IFERROR(VLOOKUP(C115,'Справочник соответствий'!A$2:D$2981,2,FALSE),IF(VALUE(C115)=0,1,VLOOKUP(C115,'Справочник соответствий'!A$2:D$2981,2,FALSE))) -> 1 | J115: =IFERROR(VLOOKUP(D115,'Справочник соответствий'!A$2:D$2981,2,FALSE),IF(VALUE(D115)=0,0,VLOOKUP(D115,'Справочник соответствий'!A$2:D$2981,2,FALSE))) -> 0 | K115: =IF(B115="Многоквартирный дом",IF(I115-J115>0,I115-J115,1),I115) -> 1 | L115: =IFERROR(VLOOKUP(C115,'Справочник соответствий'!A$2:D$2981,3,FALSE),IF(VALUE(C115)=0,"ЭТАЖ НЕ ОПРЕДЕЛЕН. ПРИНЯТ ПО ДОПУЩЕНИЮ 1",VLOOKUP(C115,'Справочник соответствий'!A$2:D$2981,3,FALSE))) -> ЭТАЖ ЗАДАН ЧИСЛОМ | M115: =I115=E115 -> FALSE | N115: =IF(VALUE(E115)=0,VALUE(K115),IF(L115="ЭТАЖ НЕ ОПРЕДЕЛЕН. ПРИНЯТ ПО ДОПУЩЕНИЮ 1",VALUE(E115),VALUE(K115))) -> 1 | O115: =IF(VALUE(E115)=0,L115,IF(L115="ЭТАЖ НЕ ОПРЕДЕЛЕН. ПРИНЯТ ПО ДОПУЩЕНИЮ 1",F115,L115)) -> ЭТАЖ ЗАДАН ЧИСЛОМ | P115: =IF(B115="Многоквартирный дом",CONCATENATE("МКД_",O115),O115) -> ЭТАЖ ЗАДАН ЧИСЛОМ | Q115: =IFERROR(IF(N115>0,IF(N115=VALUE(E115),"ГОТОВ","ГОТОВ_ИЗМЕНЕН"),"НЕ ГОТОВ"),"НЕ ГОТОВ") -> ГОТОВ_ИЗМЕНЕН | R115: =IFERROR(VLOOKUP(P115,Лист1!A$1:B$20,2,FALSE),0) -> 784 | S115: =VALUE(E115) -> 0
A116: 66:41:0309012:1185 | B116: Жилой дом | C116: 3 | G116: 21.01.2023 | H116: НЕ ГОТОВ | I116: =IFERROR(VLOOKUP(C116,'Справочник соответствий'!A$2:D$2981,2,FALSE),IF(VALUE(C116)=0,1,VLOOKUP(C116,'Справочник соответствий'!A$2:D$2981,2,FALSE))) -> 3 | J116: =IFERROR(VLOOKUP(D116,'Справочник соответствий'!A$2:D$2981,2,FALSE),IF(VALUE(D116)=0,0,VLOOKUP(D116,'Справочник соответствий'!A$2:D$2981,2,FALSE))) -> 0 | K116: =IF(B116="Многоквартирный дом",IF(I116-J116>0,I116-J116,1),I116) -> 3 | L116: =IFERROR(VLOOKUP(C116,'Справочник соответствий'!A$2:D$2981,3,FALSE),IF(VALUE(C116)=0,"ЭТАЖ НЕ ОПРЕДЕЛЕН. ПРИНЯТ ПО ДОПУЩЕНИЮ 1",VLOOKUP(C116,'Справочник соответствий'!A$2:D$2981,3,FALSE))) -> ЭТАЖ ЗАДАН ЧИСЛОМ | M116: =I116=E116 -> FALSE | N116: =IF(VALUE(E116)=0,VALUE(K116),IF(L116="ЭТАЖ НЕ ОПРЕДЕЛЕН. ПРИНЯТ ПО ДОПУЩЕНИЮ 1",VALUE(E116),VALUE(K116))) -> 3 | O116: =IF(VALUE(E116)=0,L116,IF(L116="ЭТАЖ НЕ ОПРЕДЕЛЕН. ПРИНЯТ ПО ДОПУЩЕНИЮ 1",F116,L116)) -> ЭТАЖ ЗАДАН ЧИСЛОМ | P116: =IF(B116="Многоквартирный дом",CONCATENATE("МКД_",O116),O116) -> ЭТАЖ ЗАДАН ЧИСЛОМ | Q116: =IFERROR(IF(N116>0,IF(N116=VALUE(E116),"ГОТОВ","ГОТОВ_ИЗМЕНЕН"),"НЕ ГОТОВ"),"НЕ ГОТОВ") -> ГОТОВ_ИЗМЕНЕН | R116: =IFERROR(VLOOKUP(P116,Лист1!A$1:B$20,2,FALSE),0) -> 784 | S116: =VALUE(E116) -> 0
A117: 66:50:0000000:6835 | B117: Жилой дом | G117: 03.02.2023 | H117: НЕ ГОТОВ | I117: =IFERROR(VLOOKUP(C117,'Справочник соответствий'!A$2:D$2981,2,FALSE),IF(VALUE(C117)=0,1,VLOOKUP(C117,'Справочник соответствий'!A$2:D$2981,2,FALSE))) -> 1 | J117: =IFERROR(VLOOKUP(D117,'Справочник соответствий'!A$2:D$2981,2,FALSE),IF(VALUE(D117)=0,0,VLOOKUP(D117,'Справочник соответствий'!A$2:D$2981,2,FALSE))) -> 0 | K117: =IF(B117="Многоквартирный дом",IF(I117-J117>0,I117-J117,1),I117) -> 1 | L117: =IFERROR(VLOOKUP(C117,'Справочник соответствий'!A$2:D$2981,3,FALSE),IF(VALUE(C117)=0,"ЭТАЖ НЕ ОПРЕДЕЛЕН. ПРИНЯТ ПО ДОПУЩЕНИЮ 1",VLOOKUP(C117,'Справочник соответствий'!A$2:D$2981,3,FALSE))) -> ЭТАЖ НЕ ОПРЕДЕЛЕН. ПРИНЯТ ПО ДОПУЩЕНИЮ 1 | M117: =I117=E117 -> FALSE | N117: =IF(VALUE(E117)=0,VALUE(K117),IF(L117="ЭТАЖ НЕ ОПРЕДЕЛЕН. ПРИНЯТ ПО ДОПУЩЕНИЮ 1",VALUE(E117),VALUE(K117))) -> 1 | O117: =IF(VALUE(E117)=0,L117,IF(L117="ЭТАЖ НЕ ОПРЕДЕЛЕН. ПРИНЯТ ПО ДОПУЩЕНИЮ 1",F117,L117)) -> ЭТАЖ НЕ ОПРЕДЕЛЕН. ПРИНЯТ ПО ДОПУЩЕНИЮ 1 | P117: =IF(B117="Многоквартирный дом",CONCATENATE("МКД_",O117),O117) -> ЭТАЖ НЕ ОПРЕДЕЛЕН. ПРИНЯТ ПО ДОПУЩЕНИЮ 1 | Q117: =IFERROR(IF(N117>0,IF(N117=VALUE(E117),"ГОТОВ","ГОТОВ_ИЗМЕНЕН"),"НЕ ГОТОВ"),"НЕ ГОТОВ") -> ГОТОВ_ИЗМЕНЕН | R117: =IFERROR(VLOOKUP(P117,Лист1!A$1:B$20,2,FALSE),0) -> 788 | S117: =VALUE(E117) -> 0
...

Sheet Лист1
A1: ЭТАЖ ЗАДАН ЧИСЛОМ | B1: 784
A2: СПРАВОЧНИК ЭТАЖНОСТИ | B2: 785
A3: МКД_ЭТАЖ ЗАДАН ЧИСЛОМ | B3: 786
A4: МКД_СПРАВОЧНИК ЭТАЖНОСТИ | B4: 787
A5: Значение определено ГБУ СО ЦГКО(среднее значение по кад кварталу, назначению, материалу) | B5: 214
A6: ЭТАЖ НЕ ОПРЕДЕЛЕН. ПРИНЯТ ПО ДОПУЩЕНИЮ 1 | B6: 788
A7: МКД_ЭТАЖ НЕ ОПРЕДЕЛЕН. ПРИНЯТ ПО ДОПУЩЕНИЮ 1 | B7: 788
A8: Значение определено ГБУ СО ЦГКО (допущение по среднему значению для года постройки по кад. Кварталу, материалу, назначению по данным на 01.02.2018) | B8: 214

Sheet Справочник соответствий
A1: Этажность | B1: locFloor | C1: МЕТОД
A2: 1 | B2: 1 | C2: ЭТАЖ ЗАДАН ЧИСЛОМ
A3: 2 | B3: 2 | C3: ЭТАЖ ЗАДАН ЧИСЛОМ
A4: 3 | B4: 3 | C4: ЭТАЖ ЗАДАН ЧИСЛОМ
A5: 4 | B5: 4 | C5: ЭТАЖ ЗАДАН ЧИСЛОМ
A6: 5 | B6: 5 | C6: ЭТАЖ ЗАДАН ЧИСЛОМ
A7: 6 | B7: 6 | C7: ЭТАЖ ЗАДАН ЧИСЛОМ
A8: 7 | B8: 7 | C8: ЭТАЖ ЗАДАН ЧИСЛОМ
A9: 8 | B9: 8 | C9: ЭТАЖ ЗАДАН ЧИСЛОМ
A10: 9 | B10: 9 | C10: ЭТАЖ ЗАДАН ЧИСЛОМ
A11: 10 | B11: 10 | C11: ЭТАЖ ЗАДАН ЧИСЛОМ
A12: 11 | B12: 11 | C12: ЭТАЖ ЗАДАН ЧИСЛОМ
... A1018: 0-1-2 | B1018: 2 | C1018: СПРАВОЧНИК ЭТАЖНОСТИ
