Workbook

Sheet Здания
A1: Идентификатор | B1: Кадастровый номер | C1: Материал стен в расчет | D1: Источник Материал стен в расчет | E1: Флаг Материал стен в расчет | F1: Статус расчета КС | G1: Материал стен физ. | H1: Материал стен код | I1: locMaterial | J1: SourcelocMaterial1 | K1: SourcelocMaterial | L1: FlaglocMaterial | M1: OldlocMaterial
A2: ID | B2: CADASTRALNUMBER | C2: LOCMATERIAL | D2: SOURCELOCMATERIAL | E2: FLAGLOCMATERIAL | F2: STATUS_KC | G2: BUILDINGCONSTRUCTMATERIALFIZ | H2: BuildingConstructMaterialCode
A3: Buildings | B3: Buildings | C3: Buildings | D3: Buildings | E3: Buildings | F3: Buildings | G3: Buildings | H3: BuildingConstructMaterial
A4: 8060 | B4: 66:34:0502034:353 | C4: 61001005000 | D4: Сведения ЕГРН по состоянию на 01.01.2019 | E4: не готов | F4: НЕ ГОТОВ | G4: Деревянные | H4: 61001002000 | I4: =IF(LEN(H4)=11,H4,IF(LEN(H4)=0,"61001005000","61001003000")) -> 61001002000 | J4: =IF(LEN(H4)=11,"Материал по ЕГРН",IF(LEN(H4)=0,"Прочие по допущению","Смешанные по допущению")) -> Материал по ЕГРН | K4: =VLOOKUP(J4,Лист2!A$2:B$4,2,FALSE) -> 792 | L4: =IF(I4=C4,"ГОТОВ","ГОТОВ_ИЗМЕНЕН") -> ГОТОВ_ИЗМЕНЕН | M4: =C4 -> 61001005000
A5: 381226 | B5: 66:52:0108001:417 | C5: 61001005000 | D5: Сведения ЕГРН по состоянию на 01.01.2019 | E5: ГОТОВ | F5: НЕ ГОТОВ | G5: Из прочих материалов | H5: 61001005000 | I5: =IF(LEN(H5)=11,H5,IF(LEN(H5)=0,"61001005000","61001003000")) -> 61001005000 | J5: =IF(LEN(H5)=11,"Материал по ЕГРН",IF(LEN(H5)=0,"Прочие по допущению","Смешанные по допущению")) -> Материал по ЕГРН | K5: =VLOOKUP(J5,Лист2!A$2:B$4,2,FALSE) -> 792 | L5: =IF(I5=C5,"ГОТОВ","ГОТОВ_ИЗМЕНЕН") -> ГОТОВ | M5: =C5 -> 61001005000
A6: 515719 | B6: 66:52:0107003:524 | C6: 61001005000 | D6: Сведения ЕГРН по состоянию на 01.01.2019 | E6: ГОТОВ | F6: НЕ ГОТОВ | G6: Из прочих материалов | H6: 61001005000 | I6: =IF(LEN(H6)=11,H6,IF(LEN(H6)=0,"61001005000","61001003000")) -> 61001005000 | J6: =IF(LEN(H6)=11,"Материал по ЕГРН",IF(LEN(H6)=0,"Прочие по допущению","Смешанные по допущению")) -> Материал по ЕГРН | K6: =VLOOKUP(J6,Лист2!A$2:B$4,2,FALSE) -> 792 | L6: =IF(I6=C6,"ГОТОВ","ГОТОВ_ИЗМЕНЕН") -> ГОТОВ | M6: =C6 -> 61001005000
A7: 524391 | B7: 66:36:1301009:153 | C7: 61001005000 | D7: Сведения ЕГРН по состоянию на 01.01.2019 | E7: ГОТОВ | F7: НЕ ГОТОВ | G7: Из прочих материалов | H7: 61001005000 | I7: =IF(LEN(H7)=11,H7,IF(LEN(H7)=0,"61001005000","61001003000")) -> 61001005000 | J7: =IF(LEN(H7)=11,"Материал по ЕГРН",IF(LEN(H7)=0,"Прочие по допущению","Смешанные по допущению")) -> Материал по ЕГРН | K7: =VLOOKUP(J7,Лист2!A$2:B$4,2,FALSE) -> 792 | L7: =IF(I7=C7,"ГОТОВ","ГОТОВ_ИЗМЕНЕН") -> ГОТОВ | M7: =C7 -> 61001005000
A8: 534275 | B8: 66:52:0107001:265 | C8: 61001002001 | D8: Сведения ЕГРН по состоянию на 01.01.2019 | E8: ГОТОВ | F8: НЕ ГОТОВ | G8: Рубленые | H8: 61001002001 | I8: =IF(LEN(H8)=11,H8,IF(LEN(H8)=0,"61001005000","61001003000")) -> 61001002001 | J8: =IF(LEN(H8)=11,"Материал по ЕГРН",IF(LEN(H8)=0,"Прочие по допущению","Смешанные по допущению")) -> Материал по ЕГРН | K8: =VLOOKUP(J8,Лист2!A$2:B$4,2,FALSE) -> 792 | L8: =IF(I8=C8,"ГОТОВ","ГОТОВ_ИЗМЕНЕН") -> ГОТОВ | M8: =C8 -> 61001002001
A9: 765457 | B9: 66:28:2601001:274 | C9: 61001002001 | D9: Сведения ЕГРН по состоянию на 01.01.2019 | E9: ГОТОВ | F9: НЕ ГОТОВ | G9: Рубленые | H9: 61001002001 | I9: =IF(LEN(H9)=11,H9,IF(LEN(H9)=0,"61001005000","61001003000")) -> 61001002001 | J9: =IF(LEN(H9)=11,"Материал по ЕГРН",IF(LEN(H9)=0,"Прочие по допущению","Смешанные по допущению")) -> Материал по ЕГРН | K9: =VLOOKUP(J9,Лист2!A$2:B$4,2,FALSE) -> 792 | L9: =IF(I9=C9,"ГОТОВ","ГОТОВ_ИЗМЕНЕН") -> ГОТОВ | M9: =C9 -> 61001002001
A10: 241026 | B10: 66:19:0000000:7875 | C10: 61001005000 | D10: Сведения ЕГРН по состоянию на 01.01.2019 | E10: ГОТОВ | F10: НЕ ГОТОВ | G10: Из прочих материалов | H10: 61001005000 | I10: =IF(LEN(H10)=11,H10,IF(LEN(H10)=0,"61001005000","61001003000")) -> 61001005000 | J10: =IF(LEN(H10)=11,"Материал по ЕГРН",IF(LEN(H10)=0,"Прочие по допущению","Смешанные по допущению")) -> Материал по ЕГРН | K10: =VLOOKUP(J10,Лист2!A$2:B$4,2,FALSE) -> 792 | L10: =IF(I10=C10,"ГОТОВ","ГОТОВ_ИЗМЕНЕН") -> ГОТОВ | M10: =C10 -> 61001005000
A11: 340002 | B11: 66:59:0101005:1511 | C11: 61001005000 | D11: Сведения ЕГРН по состоянию на 01.01.2019 | E11: ГОТОВ | F11: НЕ ГОТОВ | G11: Из прочих материалов | H11: 61001005000 | I11: =IF(LEN(H11)=11,H11,IF(LEN(H11)=0,"61001005000","61001003000")) -> 61001005000 | J11: =IF(LEN(H11)=11,"Материал по ЕГРН",IF(LEN(H11)=0,"Прочие по допущению","Смешанные по допущению")) -> Материал по ЕГРН | K11: =VLOOKUP(J11,Лист2!A$2:B$4,2,FALSE) -> 792 | L11: =IF(I11=C11,"ГОТОВ","ГОТОВ_ИЗМЕНЕН") -> ГОТОВ | M11: =C11 -> 61001005000
A12: 591885 | B12: 66:52:0106012:227 | C12: 61001005000 | D12: Сведения ЕГРН по состоянию на 01.01.2019 | E12: ГОТОВ | F12: НЕ ГОТОВ | G12: Из прочих материалов | H12: 61001005000 | I12: =IF(LEN(H12)=11,H12,IF(LEN(H12)=0,"61001005000","61001003000")) -> 61001005000 | J12: =IF(LEN(H12)=11,"Материал по ЕГРН",IF(LEN(H12)=0,"Прочие по допущению","Смешанные по допущению")) -> Материал по ЕГРН | K12: =VLOOKUP(J12,Лист2!A$2:B$4,2,FALSE) -> 792 | L12: =IF(I12=C12,"ГОТОВ","ГОТОВ_ИЗМЕНЕН") -> ГОТОВ | M12: =C12 -> 61001005000
A13: 120134 | B13: 66:01:3601001:324 | C13: 61001002001 | D13: Сведения ЕГРН по состоянию на 01.01.2019 | E13: ГОТОВ | F13: НЕ ГОТОВ | G13: Рубленые | H13: 61001002001 | I13: =IF(LEN(H13)=11,H13,IF(LEN(H13)=0,"61001005000","61001003000")) -> 61001002001 | J13: =IF(LEN(H13)=11,"Материал по ЕГРН",IF(LEN(H13)=0,"Прочие по допущению","Смешанные по допущению")) -> Материал по ЕГРН | K13: =VLOOKUP(J13,Лист2!A$2:B$4,2,FALSE) -> 792 | L13: =IF(I13=C13,"ГОТОВ","ГОТОВ_ИЗМЕНЕН") -> ГОТОВ | M13: =C13 -> 61001002001
A14: 313806 | B14: 66:52:0106012:241 | C14: 61001005000 | D14: Сведения ЕГРН по состоянию на 01.01.2019 | E14: ГОТОВ | F14: НЕ ГОТОВ | G14: Из прочих материалов | H14: 61001005000 | I14: =IF(LEN(H14)=11,H14,IF(LEN(H14)=0,"61001005000","61001003000")) -> 61001005000 | J14: =IF(LEN(H14)=11,"Материал по ЕГРН",IF(LEN(H14)=0,"Прочие по допущению","Смешанные по допущению")) -> Материал по ЕГРН | K14: =VLOOKUP(J14,Лист2!A$2:B$4,2,FALSE) -> 792 | L14: =IF(I14=C14,"ГОТОВ","ГОТОВ_ИЗМЕНЕН") -> ГОТОВ | M14: =C14 -> 61001005000
A15: 779263 | B15: 66:41:0000000:66521 | C15: 61001005000 | D15: Сведения ЕГРН по состоянию на 01.01.2019 | E15: ГОТОВ | F15: НЕ ГОТОВ | G15: Из прочих материалов | H15: 61001005000 | I15: =IF(LEN(H15)=11,H15,IF(LEN(H15)=0,"61001005000","61001003000")) -> 61001005000 | J15: =IF(LEN(H15)=11,"Материал по ЕГРН",IF(LEN(H15)=0,"Прочие по допущению","Смешанные по допущению")) -> Материал по ЕГРН | K15: =VLOOKUP(J15,Лист2!A$2:B$4,2,FALSE) -> 792 | L15: =IF(I15=C15,"ГОТОВ","ГОТОВ_ИЗМЕНЕН") -> ГОТОВ | M15: =C15 -> 61001005000
A16: 787666 | B16: 66:50:0000000:5162 | C16: 61001005000 | D16: Сведения ЕГРН по состоянию на 01.01.2019 | E16: ГОТОВ | F16: НЕ ГОТОВ | G16: Из прочих материалов | H16: 61001005000 | I16: =IF(LEN(H16)=11,H16,IF(LEN(H16)=0,"61001005000","61001003000")) -> 61001005000 | J16: =IF(LEN(H16)=11,"Материал по ЕГРН",IF(LEN(H16)=0,"Прочие по допущению","Смешанные по допущению")) -> Материал по ЕГРН | K16: =VLOOKUP(J16,Лист2!A$2:B$4,2,FALSE) -> 792 | L16: =IF(I16=C16,"ГОТОВ","ГОТОВ_ИЗМЕНЕН") -> ГОТОВ | M16: =C16 -> 61001005000
A17: 943420 | B17: 66:25:2721002:4559 | F17: НЕ ГОТОВ | G17: Смешанные | H17: 61001003000 | I17: =IF(LEN(H17)=11,H17,IF(LEN(H17)=0,"61001005000","61001003000")) -> 61001003000 | J17: =IF(LEN(H17)=11,"Материал по ЕГРН",IF(LEN(H17)=0,"Прочие по допущению","Смешанные по допущению")) -> Материал по ЕГРН | K17: =VLOOKUP(J17,Лист2!A$2:B$4,2,FALSE) -> 792 | L17: =IF(I17=C17,"ГОТОВ","ГОТОВ_ИЗМЕНЕН") -> ГОТОВ_ИЗМЕНЕН | M17: =C17 -> 0
A18: 943432 | B18: 66:04:0501004:333 | F18: НЕ ГОТОВ | G18: Рубленые | H18: 61001002001 | I18: =IF(LEN(H18)=11,H18,IF(LEN(H18)=0,"61001005000","61001003000")) -> 61001002001 | J18: =IF(LEN(H18)=11,"Материал по ЕГРН",IF(LEN(H18)=0,"Прочие по допущению","Смешанные по допущению")) -> Материал по ЕГРН | K18: =VLOOKUP(J18,Лист2!A$2:B$4,2,FALSE) -> 792 | L18: =IF(I18=C18,"ГОТОВ","ГОТОВ_ИЗМЕНЕН") -> ГОТОВ_ИЗМЕНЕН | M18: =C18 -> 0
A19: 943444 | B19: 66:12:4801003:1405 | F19: НЕ ГОТОВ | G19: Из прочих материалов | H19: 61001005000 | I19: =IF(LEN(H19)=11,H19,IF(LEN(H19)=0,"61001005000","61001003000")) -> 61001005000 | J19: =IF(LEN(H19)=11,"Материал по ЕГРН",IF(LEN(H19)=0,"Прочие по допущению","Смешанные по допущению")) -> Материал по ЕГРН | K19: =VLOOKUP(J19,Лист2!A$2:B$4,2,FALSE) -> 792 | L19: =IF(I19=C19,"ГОТОВ","ГОТОВ_ИЗМЕНЕН") -> ГОТОВ_ИЗМЕНЕН | M19: =C19 -> 0
A20: 943456 | B20: 66:25:1201010:877 | F20: НЕ ГОТОВ | G20: Деревянные | H20: 61001002000 | I20: =IF(LEN(H20)=11,H20,IF(LEN(H20)=0,"61001005000","61001003000")) -> 61001002000 | J20: =IF(LEN(H20)=11,"Материал по ЕГРН",IF(LEN(H20)=0,"Прочие по допущению","Смешанные по допущению")) -> Материал по ЕГРН | K20: =VLOOKUP(J20,Лист2!A$2:B$4,2,FALSE) -> 792 | L20: =IF(I20=C20,"ГОТОВ","ГОТОВ_ИЗМЕНЕН") -> ГОТОВ_ИЗМЕНЕН | M20: =C20 -> 0
A21: 943468 | B21: 66:25:4201002:318 | F21: НЕ ГОТОВ | G21: Деревянные | H21: 61001002000 | I21: =IF(LEN(H21)=11,H21,IF(LEN(H21)=0,"61001005000","61001003000")) -> 61001002000 | J21: =IF(LEN(H21)=11,"Материал по ЕГРН",IF(LEN(H21)=0,"Прочие по допущению","Смешанные по допущению")) -> Материал по ЕГРН | K21: =VLOOKUP(J21,Лист2!A$2:B$4,2,FALSE) -> 792 | L21: =IF(I21=C21,"ГОТОВ","ГОТОВ_ИЗМЕНЕН") -> ГОТОВ_ИЗМЕНЕН | M21: =C21 -> 0
A22: 943480 | B22: 66:41:0614066:4363 | F22: НЕ ГОТОВ | G22: Смешанные | H22: 61001003000 | I22: =IF(LEN(H22)=11,H22,IF(LEN(H22)=0,"61001005000","61001003000")) -> 61001003000 | J22: =IF(LEN(H22)=11,"Материал по ЕГРН",IF(LEN(H22)=0,"Прочие по допущению","Смешанные по допущению")) -> Материал по ЕГРН | K22: =VLOOKUP(J22,Лист2!A$2:B$4,2,FALSE) -> 792 | L22: =IF(I22=C22,"ГОТОВ","ГОТОВ_ИЗМЕНЕН") -> ГОТОВ_ИЗМЕНЕН | M22: =C22 -> 0
A23: 943492 | B23: 66:57:0102072:530 | F23: НЕ ГОТОВ | G23: Кирпичные | H23: 61001001001 | I23: =IF(LEN(H23)=11,H23,IF(LEN(H23)=0,"61001005000","61001003000")) -> 61001001001 | J23: =IF(LEN(H23)=11,"Материал по ЕГРН",IF(LEN(H23)=0,"Прочие по допущению","Смешанные по допущению")) -> Материал по ЕГРН | K23: =VLOOKUP(J23,Лист2!A$2:B$4,2,FALSE) -> 792 | L23: =IF(I23=C23,"ГОТОВ","ГОТОВ_ИЗМЕНЕН") -> ГОТОВ_ИЗМЕНЕН | M23: =C23 -> 0
A24: 943504 | B24: 66:65:0301029:638 | F24: НЕ ГОТОВ | G24: Из мелких бетонных блоков | H24: 61001006002 | I24: =IF(LEN(H24)=11,H24,IF(LEN(H24)=0,"61001005000","61001003000")) -> 61001006002 | J24: =IF(LEN(H24)=11,"Материал по ЕГРН",IF(LEN(H24)=0,"Прочие по допущению","Смешанные по допущению")) -> Материал по ЕГРН | K24: =VLOOKUP(J24,Лист2!A$2:B$4,2,FALSE) -> 792 | L24: =IF(I24=C24,"ГОТОВ","ГОТОВ_ИЗМЕНЕН") -> ГОТОВ_ИЗМЕНЕН | M24: =C24 -> 0
A25: 943516 | B25: 66:17:0801004:427 | F25: НЕ ГОТОВ | G25: Каркасно-обшивные | H25: 61001002003 | I25: =IF(LEN(H25)=11,H25,IF(LEN(H25)=0,"61001005000","61001003000")) -> 61001002003 | J25: =IF(LEN(H25)=11,"Материал по ЕГРН",IF(LEN(H25)=0,"Прочие по допущению","Смешанные по допущению")) -> Материал по ЕГРН | K25: =VLOOKUP(J25,Лист2!A$2:B$4,2,FALSE) -> 792 | L25: =IF(I25=C25,"ГОТОВ","ГОТОВ_ИЗМЕНЕН") -> ГОТОВ_ИЗМЕНЕН | M25: =C25 -> 0
A26: 943528 | B26: 66:59:0209001:1551 | F26: НЕ ГОТОВ | G26: Из прочих материалов | H26: 61001005000 | I26: =IF(LEN(H26)=11,H26,IF(LEN(H26)=0,"61001005000","61001003000")) -> 61001005000 | J26: =IF(LEN(H26)=11,"Материал по ЕГРН",IF(LEN(H26)=0,"Прочие по допущению","Смешанные по допущению")) -> Материал по ЕГРН | K26: =VLOOKUP(J26,Лист2!A$2:B$4,2,FALSE) -> 792 | L26: =IF(I26=C26,"ГОТОВ","ГОТОВ_ИЗМЕНЕН") -> ГОТОВ_ИЗМЕНЕН | M26: =C26 -> 0
A27: 943540 | B27: 66:25:1201015:315 | F27: НЕ ГОТОВ | G27: Смешанные | H27: 61001003000 | I27: =IF(LEN(H27)=11,H27,IF(LEN(H27)=0,"61001005000","61001003000")) -> 61001003000 | J27: =IF(LEN(H27)=11,"Материал по ЕГРН",IF(LEN(H27)=0,"Прочие по допущению","Смешанные по допущению")) -> Материал по ЕГРН | K27: =VLOOKUP(J27,Лист2!A$2:B$4,2,FALSE) -> 792 | L27: =IF(I27=C27,"ГОТОВ","ГОТОВ_ИЗМЕНЕН") -> ГОТОВ_ИЗМЕНЕН | M27: =C27 -> 0
A28: 943552 | B28: 66:45:0200005:323 | F28: НЕ ГОТОВ | G28: Из прочих материалов | H28: 61001005000 | I28: =IF(LEN(H28)=11,H28,IF(LEN(H28)=0,"61001005000","61001003000")) -> 61001005000 | J28: =IF(LEN(H28)=11,"Материал по ЕГРН",IF(LEN(H28)=0,"Прочие по допущению","Смешанные по допущению")) -> Материал по ЕГРН | K28: =VLOOKUP(J28,Лист2!A$2:B$4,2,FALSE) -> 792 | L28: =IF(I28=C28,"ГОТОВ","ГОТОВ_ИЗМЕНЕН") -> ГОТОВ_ИЗМЕНЕН | M28: =C28 -> 0
... A33: 943612 | B33: 66:45:0200008:569 | F33: НЕ ГОТОВ | G33: Кирпичные | H33: 61001001001 | I33: =IF(LEN(H33)=11,H33,IF(LEN(H33)=0,"61001005000","61001003000")) -> 61001001001 | J33: =IF(LEN(H33)=11,"Материал по ЕГРН",IF(LEN(H33)=0,"Прочие по допущению","Смешанные по допущению")) -> Материал по ЕГРН | K33: =VLOOKUP(J33,Лист2!A$2:B$4,2,FALSE) -> 792 | L33: =IF(I33=C33,"ГОТОВ","ГОТОВ_ИЗМЕНЕН") -> ГОТОВ_ИЗМЕНЕН | M33: =C33 -> 0
A34: 219371 | B34: 66:42:0000000:1256 | C34: 61001005000 | D34: Сведения ЕГРН по состоянию на 01.01.2019 | E34: ГОТОВ | F34: НЕ ГОТОВ | G34: Из прочих материалов | H34: 61001005000 | I34: =IF(LEN(H34)=11,H34,IF(LEN(H34)=0,"61001005000","61001003000")) -> 61001005000 | J34: =IF(LEN(H34)=11,"Материал по ЕГРН",IF(LEN(H34)=0,"Прочие по допущению","Смешанные по допущению")) -> Материал по ЕГРН | K34: =VLOOKUP(J34,Лист2!A$2:B$4,2,FALSE) -> 792 | L34: =IF(I34=C34,"ГОТОВ","ГОТОВ_ИЗМЕНЕН") -> ГОТОВ | M34: =C34 -> 61001005000
A35: 453175 | B35: 66:52:0108001:424 | C35: 61001005000 | D35: Сведения ЕГРН по состоянию на 01.01.2019 | E35: ГОТОВ | F35: НЕ ГОТОВ | G35: Из прочих материалов | H35: 61001005000 | I35: =IF(LEN(H35)=11,H35,IF(LEN(H35)=0,"61001005000","61001003000")) -> 61001005000 | J35: =IF(LEN(H35)=11,"Материал по ЕГРН",IF(LEN(H35)=0,"Прочие по допущению","Смешанные по допущению")) -> Материал по ЕГРН | K35: =VLOOKUP(J35,Лист2!A$2:B$4,2,FALSE) -> 792 | L35: =IF(I35=C35,"ГОТОВ","ГОТОВ_ИЗМЕНЕН") -> ГОТОВ | M35: =C35 -> 61001005000
A36: 520897 | B36: 66:52:0107004:616 | C36: 61001005000 | D36: Сведения ЕГРН по состоянию на 01.01.2019 | E36: ГОТОВ | F36: НЕ ГОТОВ | G36: Из прочих материалов | H36: 61001005000 | I36: =IF(LEN(H36)=11,H36,IF(LEN(H36)=0,"61001005000","61001003000")) -> 61001005000 | J36: =IF(LEN(H36)=11,"Материал по ЕГРН",IF(LEN(H36)=0,"Прочие по допущению","Смешанные по допущению")) -> Материал по ЕГРН | K36: =VLOOKUP(J36,Лист2!A$2:B$4,2,FALSE) -> 792 | L36: =IF(I36=C36,"ГОТОВ","ГОТОВ_ИЗМЕНЕН") -> ГОТОВ | M36: =C36 -> 61001005000
A37: 527700 | B37: 66:52:0107006:466 | C37: 61001005000 | D37: Сведения ЕГРН по состоянию на 01.01.2019 | E37: ГОТОВ | F37: НЕ ГОТОВ | G37: Из прочих материалов | H37: 61001005000 | I37: =IF(LEN(H37)=11,H37,IF(LEN(H37)=0,"61001005000","61001003000")) -> 61001005000 | J37: =IF(LEN(H37)=11,"Материал по ЕГРН",IF(LEN(H37)=0,"Прочие по допущению","Смешанные по допущению")) -> Материал по ЕГРН | K37: =VLOOKUP(J37,Лист2!A$2:B$4,2,FALSE) -> 792 | L37: =IF(I37=C37,"ГОТОВ","ГОТОВ_ИЗМЕНЕН") -> ГОТОВ | M37: =C37 -> 61001005000
A38: 939125 | B38: 66:31:2301002:271 | C38: 61001005000 | D38: Материал по ЕГРН | E38: не готов | F38: НЕ ГОТОВ | G38: Деревянные | H38: 61001002000 | I38: =IF(LEN(H38)=11,H38,IF(LEN(H38)=0,"61001005000","61001003000")) -> 61001002000 | J38: =IF(LEN(H38)=11,"Материал по ЕГРН",IF(LEN(H38)=0,"Прочие по допущению","Смешанные по допущению")) -> Материал по ЕГРН | K38: =VLOOKUP(J38,Лист2!A$2:B$4,2,FALSE) -> 792 | L38: =IF(I38=C38,"ГОТОВ","ГОТОВ_ИЗМЕНЕН") -> ГОТОВ_ИЗМЕНЕН | M38: =C38 -> 61001005000
A39: 944649 | B39: 66:34:0502027:4940 | F39: НЕ ГОТОВ | G39: Деревянные | H39: 61001002000 | I39: =IF(LEN(H39)=11,H39,IF(LEN(H39)=0,"61001005000","61001003000")) -> 61001002000 | J39: =IF(LEN(H39)=11,"Материал по ЕГРН",IF(LEN(H39)=0,"Прочие по допущению","Смешанные по допущению")) -> Материал по ЕГРН | K39: =VLOOKUP(J39,Лист2!A$2:B$4,2,FALSE) -> 792 | L39: =IF(I39=C39,"ГОТОВ","ГОТОВ_ИЗМЕНЕН") -> ГОТОВ_ИЗМЕНЕН | M39: =C39 -> 0
A40: 944661 | B40: 66:41:0209114:246 | F40: НЕ ГОТОВ | G40: Деревянные | H40: 61001002000 | I40: =IF(LEN(H40)=11,H40,IF(LEN(H40)=0,"61001005000","61001003000")) -> 61001002000 | J40: =IF(LEN(H40)=11,"Материал по ЕГРН",IF(LEN(H40)=0,"Прочие по допущению","Смешанные по допущению")) -> Материал по ЕГРН | K40: =VLOOKUP(J40,Лист2!A$2:B$4,2,FALSE) -> 792 | L40: =IF(I40=C40,"ГОТОВ","ГОТОВ_ИЗМЕНЕН") -> ГОТОВ_ИЗМЕНЕН | M40: =C40 -> 0
A41: 944673 | B41: 66:41:0513005:728 | F41: НЕ ГОТОВ | G41: Деревянные | H41: 61001002000 | I41: =IF(LEN(H41)=11,H41,IF(LEN(H41)=0,"61001005000","61001003000")) -> 61001002000 | J41: =IF(LEN(H41)=11,"Материал по ЕГРН",IF(LEN(H41)=0,"Прочие по допущению","Смешанные по допущению")) -> Материал по ЕГРН | K41: =VLOOKUP(J41,Лист2!A$2:B$4,2,FALSE) -> 792 | L41: =IF(I41=C41,"ГОТОВ","ГОТОВ_ИЗМЕНЕН") -> ГОТОВ_ИЗМЕНЕН | M41: =C41 -> 0
A42: 944685 | B42: 66:45:0200058:922 | F42: НЕ ГОТОВ | G42: Кирпичные, Шлакобетонные | H42: 61001001001, 61001008000 | I42: =IF(LEN(H42)=11,H42,IF(LEN(H42)=0,"61001005000","61001003000")) -> 61001003000 | J42: =IF(LEN(H42)=11,"Материал по ЕГРН",IF(LEN(H42)=0,"Прочие по допущению","Смешанные по допущению")) -> Смешанные по допущению | K42: =VLOOKUP(J42,Лист2!A$2:B$4,2,FALSE) -> 793 | L42: =IF(I42=C42,"ГОТОВ","ГОТОВ_ИЗМЕНЕН") -> ГОТОВ_ИЗМЕНЕН | M42: =C42 -> 0
A43: 944697 | B43: 66:59:0101029:845 | F43: НЕ ГОТОВ | G43: Из прочих материалов | H43: 61001005000 | I43: =IF(LEN(H43)=11,H43,IF(LEN(H43)=0,"61001005000","61001003000")) -> 61001005000 | J43: =IF(LEN(H43)=11,"Материал по ЕГРН",IF(LEN(H43)=0,"Прочие по допущению","Смешанные по допущению")) -> Материал по ЕГРН | K43: =VLOOKUP(J43,Лист2!A$2:B$4,2,FALSE) -> 792 | L43: =IF(I43=C43,"ГОТОВ","ГОТОВ_ИЗМЕНЕН") -> ГОТОВ_ИЗМЕНЕН | M43: =C43 -> 0
A44: 944709 | B44: 66:63:0101054:2347 | F44: НЕ ГОТОВ | G44: Шлакобетонные | H44: 61001008000 | I44: =IF(LEN(H44)=11,H44,IF(LEN(H44)=0,"61001005000","61001003000")) -> 61001008000 | J44: =IF(LEN(H44)=11,"Материал по ЕГРН",IF(LEN(H44)=0,"Прочие по допущению","Смешанные по допущению")) -> Материал по ЕГРН | K44: =VLOOKUP(J44,Лист2!A$2:B$4,2,FALSE) -> 792 | L44: =IF(I44=C44,"ГОТОВ","ГОТОВ_ИЗМЕНЕН") -> ГОТОВ_ИЗМЕНЕН | M44: =C44 -> 0
A45: 944721 | B45: 66:01:5001001:625 | F45: НЕ ГОТОВ | G45: Из прочих материалов | H45: 61001005000 | I45: =IF(LEN(H45)=11,H45,IF(LEN(H45)=0,"61001005000","61001003000")) -> 61001005000 | J45: =IF(LEN(H45)=11,"Материал по ЕГРН",IF(LEN(H45)=0,"Прочие по допущению","Смешанные по допущению")) -> Материал по ЕГРН | K45: =VLOOKUP(J45,Лист2!A$2:B$4,2,FALSE) -> 792 | L45: =IF(I45=C45,"ГОТОВ","ГОТОВ_ИЗМЕНЕН") -> ГОТОВ_ИЗМЕНЕН | M45: =C45 -> 0
A46: 944733 | B46: 66:06:4501021:12195 | F46: НЕ ГОТОВ | G46: Деревянные | H46: 61001002000 | I46: =IF(LEN(H46)=11,H46,IF(LEN(H46)=0,"61001005000","61001003000")) -> 61001002000 | J46: =IF(LEN(H46)=11,"Материал по ЕГРН",IF(LEN(H46)=0,"Прочие по допущению","Смешанные по допущению")) -> Материал по ЕГРН | K46: =VLOOKUP(J46,Лист2!A$2:B$4,2,FALSE) -> 792 | L46: =IF(I46=C46,"ГОТОВ","ГОТОВ_ИЗМЕНЕН") -> ГОТОВ_ИЗМЕНЕН | M46: =C46 -> 0
A47: 944745 | B47: 66:15:2401001:345 | F47: НЕ ГОТОВ | G47: Деревянные | H47: 61001002000 | I47: =IF(LEN(H47)=11,H47,IF(LEN(H47)=0,"61001005000","61001003000")) -> 61001002000 | J47: =IF(LEN(H47)=11,"Материал по ЕГРН",IF(LEN(H47)=0,"Прочие по допущению","Смешанные по допущению")) -> Материал по ЕГРН | K47: =VLOOKUP(J47,Лист2!A$2:B$4,2,FALSE) -> 792 | L47: =IF(I47=C47,"ГОТОВ","ГОТОВ_ИЗМЕНЕН") -> ГОТОВ_ИЗМЕНЕН | M47: =C47 -> 0
A48: 944757 | B48: 66:28:2801018:719 | F48: НЕ ГОТОВ | G48: Кирпичные | H48: 61001001001 | I48: =IF(LEN(H48)=11,H48,IF(LEN(H48)=0,"61001005000","61001003000")) -> 61001001001 | J48: =IF(LEN(H48)=11,"Материал по ЕГРН",IF(LEN(H48)=0,"Прочие по допущению","Смешанные по допущению")) -> Материал по ЕГРН | K48: =VLOOKUP(J48,Лист2!A$2:B$4,2,FALSE) -> 792 | L48: =IF(I48=C48,"ГОТОВ","ГОТОВ_ИЗМЕНЕН") -> ГОТОВ_ИЗМЕНЕН | M48: =C48 -> 0
A49: 944769 | B49: 66:35:0202008:1603 | F49: НЕ ГОТОВ | G49: Из мелких бетонных блоков | H49: 61001006002 | I49: =IF(LEN(H49)=11,H49,IF(LEN(H49)=0,"61001005000","61001003000")) -> 61001006002 | J49: =IF(LEN(H49)=11,"Материал по ЕГРН",IF(LEN(H49)=0,"Прочие по допущению","Смешанные по допущению")) -> Материал по ЕГРН | K49: =VLOOKUP(J49,Лист2!A$2:B$4,2,FALSE) -> 792 | L49: =IF(I49=C49,"ГОТОВ","ГОТОВ_ИЗМЕНЕН") -> ГОТОВ_ИЗМЕНЕН | M49: =C49 -> 0
A50: 944781 | B50: 66:41:0204002:490 | F50: НЕ ГОТОВ | G50: Из прочих материалов | H50: 61001005000 | I50: =IF(LEN(H50)=11,H50,IF(LEN(H50)=0,"61001005000","61001003000")) -> 61001005000 | J50: =IF(LEN(H50)=11,"Материал по ЕГРН",IF(LEN(H50)=0,"Прочие по допущению","Смешанные по допущению")) -> Материал по ЕГРН | K50: =VLOOKUP(J50,Лист2!A$2:B$4,2,FALSE) -> 792 | L50: =IF(I50=C50,"ГОТОВ","ГОТОВ_ИЗМЕНЕН") -> ГОТОВ_ИЗМЕНЕН | M50: =C50 -> 0
... A60: 944901 | B60: 66:41:0111003:413 | F60: НЕ ГОТОВ | G60: Из прочих материалов | H60: 61001005000 | I60: =IF(LEN(H60)=11,H60,IF(LEN(H60)=0,"61001005000","61001003000")) -> 61001005000 | J60: =IF(LEN(H60)=11,"Материал по ЕГРН",IF(LEN(H60)=0,"Прочие по допущению","Смешанные по допущению")) -> Материал по ЕГРН | K60: =VLOOKUP(J60,Лист2!A$2:B$4,2,FALSE) -> 792 | L60: =IF(I60=C60,"ГОТОВ","ГОТОВ_ИЗМЕНЕН") -> ГОТОВ_ИЗМЕНЕН | M60: =C60 -> 0
A61: 137553 | B61: 66:06:0000000:768 | C61: 61001007001 | D61: Сведения ЕГРН по состоянию на 01.01.2019 | E61: ГОТОВ | F61: НЕ ГОТОВ | G61: Крупнопанельные | H61: 61001007001 | I61: =IF(LEN(H61)=11,H61,IF(LEN(H61)=0,"61001005000","61001003000")) -> 61001007001 | J61: =IF(LEN(H61)=11,"Материал по ЕГРН",IF(LEN(H61)=0,"Прочие по допущению","Смешанные по допущению")) -> Материал по ЕГРН | K61: =VLOOKUP(J61,Лист2!A$2:B$4,2,FALSE) -> 792 | L61: =IF(I61=C61,"ГОТОВ","ГОТОВ_ИЗМЕНЕН") -> ГОТОВ | M61: =C61 -> 61001007001
A62: 350602 | B62: 66:07:0801002:618 | C62: 61001007001 | D62: Сведения ЕГРН по состоянию на 01.01.2019 | E62: ГОТОВ | F62: НЕ ГОТОВ | G62: Крупнопанельные | H62: 61001007001 | I62: =IF(LEN(H62)=11,H62,IF(LEN(H62)=0,"61001005000","61001003000")) -> 61001007001 | J62: =IF(LEN(H62)=11,"Материал по ЕГРН",IF(LEN(H62)=0,"Прочие по допущению","Смешанные по допущению")) -> Материал по ЕГРН | K62: =VLOOKUP(J62,Лист2!A$2:B$4,2,FALSE) -> 792 | L62: =IF(I62=C62,"ГОТОВ","ГОТОВ_ИЗМЕНЕН") -> ГОТОВ | M62: =C62 -> 61001007001
A63: 454470 | B63: 66:52:0108001:391 | C63: 61001005000 | D63: Сведения ЕГРН по состоянию на 01.01.2019 | E63: ГОТОВ | F63: НЕ ГОТОВ | G63: Из прочих материалов | H63: 61001005000 | I63: =IF(LEN(H63)=11,H63,IF(LEN(H63)=0,"61001005000","61001003000")) -> 61001005000 | J63: =IF(LEN(H63)=11,"Материал по ЕГРН",IF(LEN(H63)=0,"Прочие по допущению","Смешанные по допущению")) -> Материал по ЕГРН | K63: =VLOOKUP(J63,Лист2!A$2:B$4,2,FALSE) -> 792 | L63: =IF(I63=C63,"ГОТОВ","ГОТОВ_ИЗМЕНЕН") -> ГОТОВ | M63: =C63 -> 61001005000
A64: 792572 | B64: 66:16:0000000:1919 | C64: 61001005000 | D64: Сведения ЕГРН по состоянию на 01.01.2019 | E64: ГОТОВ | F64: НЕ ГОТОВ | G64: Из прочих материалов | H64: 61001005000 | I64: =IF(LEN(H64)=11,H64,IF(LEN(H64)=0,"61001005000","61001003000")) -> 61001005000 | J64: =IF(LEN(H64)=11,"Материал по ЕГРН",IF(LEN(H64)=0,"Прочие по допущению","Смешанные по допущению")) -> Материал по ЕГРН | K64: =VLOOKUP(J64,Лист2!A$2:B$4,2,FALSE) -> 792 | L64: =IF(I64=C64,"ГОТОВ","ГОТОВ_ИЗМЕНЕН") -> ГОТОВ | M64: =C64 -> 61001005000
A65: 946165 | B65: 66:14:2701002:2411 | F65: НЕ ГОТОВ | G65: Деревянные | H65: 61001002000 | I65: =IF(LEN(H65)=11,H65,IF(LEN(H65)=0,"61001005000","61001003000")) -> 61001002000 | J65: =IF(LEN(H65)=11,"Материал по ЕГРН",IF(LEN(H65)=0,"Прочие по допущению","Смешанные по допущению")) -> Материал по ЕГРН | K65: =VLOOKUP(J65,Лист2!A$2:B$4,2,FALSE) -> 792 | L65: =IF(I65=C65,"ГОТОВ","ГОТОВ_ИЗМЕНЕН") -> ГОТОВ_ИЗМЕНЕН | M65: =C65 -> 0
A66: 946177 | B66: 66:35:0221001:8314 | F66: НЕ ГОТОВ | G66: Каркасно-обшивные | H66: 61001002003 | I66: =IF(LEN(H66)=11,H66,IF(LEN(H66)=0,"61001005000","61001003000")) -> 61001002003 | J66: =IF(LEN(H66)=11,"Материал по ЕГРН",IF(LEN(H66)=0,"Прочие по допущению","Смешанные по допущению")) -> Материал по ЕГРН | K66: =VLOOKUP(J66,Лист2!A$2:B$4,2,FALSE) -> 792 | L66: =IF(I66=C66,"ГОТОВ","ГОТОВ_ИЗМЕНЕН") -> ГОТОВ_ИЗМЕНЕН | M66: =C66 -> 0
A67: 946189 | B67: 66:41:0614015:4133 | F67: НЕ ГОТОВ | G67: Деревянные | H67: 61001002000 | I67: =IF(LEN(H67)=11,H67,IF(LEN(H67)=0,"61001005000","61001003000")) -> 61001002000 | J67: =IF(LEN(H67)=11,"Материал по ЕГРН",IF(LEN(H67)=0,"Прочие по допущению","Смешанные по допущению")) -> Материал по ЕГРН | K67: =VLOOKUP(J67,Лист2!A$2:B$4,2,FALSE) -> 792 | L67: =IF(I67=C67,"ГОТОВ","ГОТОВ_ИЗМЕНЕН") -> ГОТОВ_ИЗМЕНЕН | M67: =C67 -> 0
A68: 946201 | B68: 66:34:0501017:264 | F68: НЕ ГОТОВ | G68: Смешанные | H68: 61001003000 | I68: =IF(LEN(H68)=11,H68,IF(LEN(H68)=0,"61001005000","61001003000")) -> 61001003000 | J68: =IF(LEN(H68)=11,"Материал по ЕГРН",IF(LEN(H68)=0,"Прочие по допущению","Смешанные по допущению")) -> Материал по ЕГРН | K68: =VLOOKUP(J68,Лист2!A$2:B$4,2,FALSE) -> 792 | L68: =IF(I68=C68,"ГОТОВ","ГОТОВ_ИЗМЕНЕН") -> ГОТОВ_ИЗМЕНЕН | M68: =C68 -> 0
A69: 946213 | B69: 66:55:0303007:1757 | F69: НЕ ГОТОВ | G69: Из прочих материалов | H69: 61001005000 | I69: =IF(LEN(H69)=11,H69,IF(LEN(H69)=0,"61001005000","61001003000")) -> 61001005000 | J69: =IF(LEN(H69)=11,"Материал по ЕГРН",IF(LEN(H69)=0,"Прочие по допущению","Смешанные по допущению")) -> Материал по ЕГРН | K69: =VLOOKUP(J69,Лист2!A$2:B$4,2,FALSE) -> 792 | L69: =IF(I69=C69,"ГОТОВ","ГОТОВ_ИЗМЕНЕН") -> ГОТОВ_ИЗМЕНЕН | M69: =C69 -> 0
A70: 946225 | B70: 66:28:1201001:595 | F70: НЕ ГОТОВ | G70: Деревянные | H70: 61001002000 | I70: =IF(LEN(H70)=11,H70,IF(LEN(H70)=0,"61001005000","61001003000")) -> 61001002000 | J70: =IF(LEN(H70)=11,"Материал по ЕГРН",IF(LEN(H70)=0,"Прочие по допущению","Смешанные по допущению")) -> Материал по ЕГРН | K70: =VLOOKUP(J70,Лист2!A$2:B$4,2,FALSE) -> 792 | L70: =IF(I70=C70,"ГОТОВ","ГОТОВ_ИЗМЕНЕН") -> ГОТОВ_ИЗМЕНЕН | M70: =C70 -> 0
A71: 946237 | B71: 66:25:1002003:792 | F71: НЕ ГОТОВ | G71: Из прочих материалов | H71: 61001005000 | I71: =IF(LEN(H71)=11,H71,IF(LEN(H71)=0,"61001005000","61001003000")) -> 61001005000 | J71: =IF(LEN(H71)=11,"Материал по ЕГРН",IF(LEN(H71)=0,"Прочие по допущению","Смешанные по допущению")) -> Материал по ЕГРН | K71: =VLOOKUP(J71,Лист2!A$2:B$4,2,FALSE) -> 792 | L71: =IF(I71=C71,"ГОТОВ","ГОТОВ_ИЗМЕНЕН") -> ГОТОВ_ИЗМЕНЕН | M71: =C71 -> 0
A72: 946249 | B72: 66:07:1801004:871 | F72: НЕ ГОТОВ | G72: Деревянные | H72: 61001002000 | I72: =IF(LEN(H72)=11,H72,IF(LEN(H72)=0,"61001005000","61001003000")) -> 61001002000 | J72: =IF(LEN(H72)=11,"Материал по ЕГРН",IF(LEN(H72)=0,"Прочие по допущению","Смешанные по допущению")) -> Материал по ЕГРН | K72: =VLOOKUP(J72,Лист2!A$2:B$4,2,FALSE) -> 792 | L72: =IF(I72=C72,"ГОТОВ","ГОТОВ_ИЗМЕНЕН") -> ГОТОВ_ИЗМЕНЕН | M72: =C72 -> 0
A73: 946261 | B73: 66:21:1204005:371 | F73: НЕ ГОТОВ | G73: Из прочих материалов | H73: 61001005000 | I73: =IF(LEN(H73)=11,H73,IF(LEN(H73)=0,"61001005000","61001003000")) -> 61001005000 | J73: =IF(LEN(H73)=11,"Материал по ЕГРН",IF(LEN(H73)=0,"Прочие по допущению","Смешанные по допущению")) -> Материал по ЕГРН | K73: =VLOOKUP(J73,Лист2!A$2:B$4,2,FALSE) -> 792 | L73: =IF(I73=C73,"ГОТОВ","ГОТОВ_ИЗМЕНЕН") -> ГОТОВ_ИЗМЕНЕН | M73: =C73 -> 0
A74: 946273 | B74: 66:41:0513005:733 | F74: НЕ ГОТОВ | G74: Крупноблочные | H74: 61001007004 | I74: =IF(LEN(H74)=11,H74,IF(LEN(H74)=0,"61001005000","61001003000")) -> 61001007004 | J74: =IF(LEN(H74)=11,"Материал по ЕГРН",IF(LEN(H74)=0,"Прочие по допущению","Смешанные по допущению")) -> Материал по ЕГРН | K74: =VLOOKUP(J74,Лист2!A$2:B$4,2,FALSE) -> 792 | L74: =IF(I74=C74,"ГОТОВ","ГОТОВ_ИЗМЕНЕН") -> ГОТОВ_ИЗМЕНЕН | M74: =C74 -> 0
A75: 946285 | B75: 66:54:0116005:1565 | F75: НЕ ГОТОВ | G75: Из прочих материалов | H75: 61001005000 | I75: =IF(LEN(H75)=11,H75,IF(LEN(H75)=0,"61001005000","61001003000")) -> 61001005000 | J75: =IF(LEN(H75)=11,"Материал по ЕГРН",IF(LEN(H75)=0,"Прочие по допущению","Смешанные по допущению")) -> Материал по ЕГРН | K75: =VLOOKUP(J75,Лист2!A$2:B$4,2,FALSE) -> 792 | L75: =IF(I75=C75,"ГОТОВ","ГОТОВ_ИЗМЕНЕН") -> ГОТОВ_ИЗМЕНЕН | M75: =C75 -> 0
A76: 946297 | B76: 66:59:0102013:1213 | F76: НЕ ГОТОВ | G76: Из прочих материалов | H76: 61001005000 | I76: =IF(LEN(H76)=11,H76,IF(LEN(H76)=0,"61001005000","61001003000")) -> 61001005000 | J76: =IF(LEN(H76)=11,"Материал по ЕГРН",IF(LEN(H76)=0,"Прочие по допущению","Смешанные по допущению")) -> Материал по ЕГРН | K76: =VLOOKUP(J76,Лист2!A$2:B$4,2,FALSE) -> 792 | L76: =IF(I76=C76,"ГОТОВ","ГОТОВ_ИЗМЕНЕН") -> ГОТОВ_ИЗМЕНЕН | M76: =C76 -> 0
... A84: 946393 | B84: 66:56:0502013:937 | F84: НЕ ГОТОВ | G84: Иное | H84: 61001999000 | I84: =IF(LEN(H84)=11,H84,IF(LEN(H84)=0,"61001005000","61001003000")) -> 61001999000 | J84: =IF(LEN(H84)=11,"Материал по ЕГРН",IF(LEN(H84)=0,"Прочие по допущению","Смешанные по допущению")) -> Материал по ЕГРН | K84: =VLOOKUP(J84,Лист2!A$2:B$4,2,FALSE) -> 792 | L84: =IF(I84=C84,"ГОТОВ","ГОТОВ_ИЗМЕНЕН") -> ГОТОВ_ИЗМЕНЕН | M84: =C84 -> 0
A85: 221759 | B85: 66:50:0000000:5164 | C85: 61001005000 | D85: Сведения ЕГРН по состоянию на 01.01.2019 | E85: ГОТОВ | F85: НЕ ГОТОВ | G85: Из прочих материалов | H85: 61001005000 | I85: =IF(LEN(H85)=11,H85,IF(LEN(H85)=0,"61001005000","61001003000")) -> 61001005000 | J85: =IF(LEN(H85)=11,"Материал по ЕГРН",IF(LEN(H85)=0,"Прочие по допущению","Смешанные по допущению")) -> Материал по ЕГРН | K85: =VLOOKUP(J85,Лист2!A$2:B$4,2,FALSE) -> 792 | L85: =IF(I85=C85,"ГОТОВ","ГОТОВ_ИЗМЕНЕН") -> ГОТОВ | M85: =C85 -> 61001005000
A86: 535889 | B86: 66:52:0107002:896 | C86: 61001005000 | D86: Сведения ЕГРН по состоянию на 01.01.2019 | E86: ГОТОВ | F86: НЕ ГОТОВ | G86: Из прочих материалов | H86: 61001005000 | I86: =IF(LEN(H86)=11,H86,IF(LEN(H86)=0,"61001005000","61001003000")) -> 61001005000 | J86: =IF(LEN(H86)=11,"Материал по ЕГРН",IF(LEN(H86)=0,"Прочие по допущению","Смешанные по допущению")) -> Материал по ЕГРН | K86: =VLOOKUP(J86,Лист2!A$2:B$4,2,FALSE) -> 792 | L86: =IF(I86=C86,"ГОТОВ","ГОТОВ_ИЗМЕНЕН") -> ГОТОВ | M86: =C86 -> 61001005000
A87: 785565 | B87: 66:50:0000000:5176 | C87: 61001005000 | D87: Сведения ЕГРН по состоянию на 01.01.2019 | E87: ГОТОВ | F87: НЕ ГОТОВ | G87: Из прочих материалов | H87: 61001005000 | I87: =IF(LEN(H87)=11,H87,IF(LEN(H87)=0,"61001005000","61001003000")) -> 61001005000 | J87: =IF(LEN(H87)=11,"Материал по ЕГРН",IF(LEN(H87)=0,"Прочие по допущению","Смешанные по допущению")) -> Материал по ЕГРН | K87: =VLOOKUP(J87,Лист2!A$2:B$4,2,FALSE) -> 792 | L87: =IF(I87=C87,"ГОТОВ","ГОТОВ_ИЗМЕНЕН") -> ГОТОВ | M87: =C87 -> 61001005000
A88: 944917 | B88: 66:50:0000000:6834 | F88: НЕ ГОТОВ | G88: Из прочих материалов | H88: 61001005000 | I88: =IF(LEN(H88)=11,H88,IF(LEN(H88)=0,"61001005000","61001003000")) -> 61001005000 | J88: =IF(LEN(H88)=11,"Материал по ЕГРН",IF(LEN(H88)=0,"Прочие по допущению","Смешанные по допущению")) -> Материал по ЕГРН | K88: =VLOOKUP(J88,Лист2!A$2:B$4,2,FALSE) -> 792 | L88: =IF(I88=C88,"ГОТОВ","ГОТОВ_ИЗМЕНЕН") -> ГОТОВ_ИЗМЕНЕН | M88: =C88 -> 0
A89: 944929 | B89: 66:50:0000000:6876 | F89: НЕ ГОТОВ | G89: Стены | H89: 61001000000 | I89: =IF(LEN(H89)=11,H89,IF(LEN(H89)=0,"61001005000","61001003000")) -> 61001000000 | J89: =IF(LEN(H89)=11,"Материал по ЕГРН",IF(LEN(H89)=0,"Прочие по допущению","Смешанные по допущению")) -> Материал по ЕГРН | K89: =VLOOKUP(J89,Лист2!A$2:B$4,2,FALSE) -> 792 | L89: =IF(I89=C89,"ГОТОВ","ГОТОВ_ИЗМЕНЕН") -> ГОТОВ_ИЗМЕНЕН | M89: =C89 -> 0
A90: 944941 | B90: 66:35:0103008:1621 | F90: НЕ ГОТОВ | G90: Железобетонные | H90: 61001007000 | I90: =IF(LEN(H90)=11,H90,IF(LEN(H90)=0,"61001005000","61001003000")) -> 61001007000 | J90: =IF(LEN(H90)=11,"Материал по ЕГРН",IF(LEN(H90)=0,"Прочие по допущению","Смешанные по допущению")) -> Материал по ЕГРН | K90: =VLOOKUP(J90,Лист2!A$2:B$4,2,FALSE) -> 792 | L90: =IF(I90=C90,"ГОТОВ","ГОТОВ_ИЗМЕНЕН") -> ГОТОВ_ИЗМЕНЕН | M90: =C90 -> 0
A91: 944953 | B91: 66:01:0801001:456 | F91: НЕ ГОТОВ | G91: Деревянные | H91: 61001002000 | I91: =IF(LEN(H91)=11,H91,IF(LEN(H91)=0,"61001005000","61001003000")) -> 61001002000 | J91: =IF(LEN(H91)=11,"Материал по ЕГРН",IF(LEN(H91)=0,"Прочие по допущению","Смешанные по допущению")) -> Материал по ЕГРН | K91: =VLOOKUP(J91,Лист2!A$2:B$4,2,FALSE) -> 792 | L91: =IF(I91=C91,"ГОТОВ","ГОТОВ_ИЗМЕНЕН") -> ГОТОВ_ИЗМЕНЕН | M91: =C91 -> 0
A92: 944965 | B92: 66:06:1701006:831 | F92: НЕ ГОТОВ | G92: Кирпичные | H92: 61001001001 | I92: =IF(LEN(H92)=11,H92,IF(LEN(H92)=0,"61001005000","61001003000")) -> 61001001001 | J92: =IF(LEN(H92)=11,"Материал по ЕГРН",IF(LEN(H92)=0,"Прочие по допущению","Смешанные по допущению")) -> Материал по ЕГРН | K92: =VLOOKUP(J92,Лист2!A$2:B$4,2,FALSE) -> 792 | L92: =IF(I92=C92,"ГОТОВ","ГОТОВ_ИЗМЕНЕН") -> ГОТОВ_ИЗМЕНЕН | M92: =C92 -> 0
A93: 944977 | B93: 66:11:6904018:342 | F93: НЕ ГОТОВ | G93: Из прочих материалов | H93: 61001005000 | I93: =IF(LEN(H93)=11,H93,IF(LEN(H93)=0,"61001005000","61001003000")) -> 61001005000 | J93: =IF(LEN(H93)=11,"Материал по ЕГРН",IF(LEN(H93)=0,"Прочие по допущению","Смешанные по допущению")) -> Материал по ЕГРН | K93: =VLOOKUP(J93,Лист2!A$2:B$4,2,FALSE) -> 792 | L93: =IF(I93=C93,"ГОТОВ","ГОТОВ_ИЗМЕНЕН") -> ГОТОВ_ИЗМЕНЕН | M93: =C93 -> 0
A94: 944989 | B94: 66:19:1901009:2209 | F94: НЕ ГОТОВ | G94: Шлакобетонные | H94: 61001008000 | I94: =IF(LEN(H94)=11,H94,IF(LEN(H94)=0,"61001005000","61001003000")) -> 61001008000 | J94: =IF(LEN(H94)=11,"Материал по ЕГРН",IF(LEN(H94)=0,"Прочие по допущению","Смешанные по допущению")) -> Материал по ЕГРН | K94: =VLOOKUP(J94,Лист2!A$2:B$4,2,FALSE) -> 792 | L94: =IF(I94=C94,"ГОТОВ","ГОТОВ_ИЗМЕНЕН") -> ГОТОВ_ИЗМЕНЕН | M94: =C94 -> 0
A95: 945001 | B95: 66:21:0601001:2936 | F95: НЕ ГОТОВ | G95: Деревянные | H95: 61001002000 | I95: =IF(LEN(H95)=11,H95,IF(LEN(H95)=0,"61001005000","61001003000")) -> 61001002000 | J95: =IF(LEN(H95)=11,"Материал по ЕГРН",IF(LEN(H95)=0,"Прочие по допущению","Смешанные по допущению")) -> Материал по ЕГРН | K95: =VLOOKUP(J95,Лист2!A$2:B$4,2,FALSE) -> 792 | L95: =IF(I95=C95,"ГОТОВ","ГОТОВ_ИЗМЕНЕН") -> ГОТОВ_ИЗМЕНЕН | M95: =C95 -> 0
A96: 945013 | B96: 66:25:2901022:793 | F96: НЕ ГОТОВ | G96: Смешанные | H96: 61001003000 | I96: =IF(LEN(H96)=11,H96,IF(LEN(H96)=0,"61001005000","61001003000")) -> 61001003000 | J96: =IF(LEN(H96)=11,"Материал по ЕГРН",IF(LEN(H96)=0,"Прочие по допущению","Смешанные по допущению")) -> Материал по ЕГРН | K96: =VLOOKUP(J96,Лист2!A$2:B$4,2,FALSE) -> 792 | L96: =IF(I96=C96,"ГОТОВ","ГОТОВ_ИЗМЕНЕН") -> ГОТОВ_ИЗМЕНЕН | M96: =C96 -> 0
A97: 945025 | B97: 66:33:0101002:3950 | F97: НЕ ГОТОВ | G97: Из прочих материалов | H97: 61001005000 | I97: =IF(LEN(H97)=11,H97,IF(LEN(H97)=0,"61001005000","61001003000")) -> 61001005000 | J97: =IF(LEN(H97)=11,"Материал по ЕГРН",IF(LEN(H97)=0,"Прочие по допущению","Смешанные по допущению")) -> Материал по ЕГРН | K97: =VLOOKUP(J97,Лист2!A$2:B$4,2,FALSE) -> 792 | L97: =IF(I97=C97,"ГОТОВ","ГОТОВ_ИЗМЕНЕН") -> ГОТОВ_ИЗМЕНЕН | M97: =C97 -> 0
A98: 945037 | B98: 66:36:3103007:498 | F98: НЕ ГОТОВ | G98: Дощатые | H98: 61001002005 | I98: =IF(LEN(H98)=11,H98,IF(LEN(H98)=0,"61001005000","61001003000")) -> 61001002005 | J98: =IF(LEN(H98)=11,"Материал по ЕГРН",IF(LEN(H98)=0,"Прочие по допущению","Смешанные по допущению")) -> Материал по ЕГРН | K98: =VLOOKUP(J98,Лист2!A$2:B$4,2,FALSE) -> 792 | L98: =IF(I98=C98,"ГОТОВ","ГОТОВ_ИЗМЕНЕН") -> ГОТОВ_ИЗМЕНЕН | M98: =C98 -> 0
A99: 945049 | B99: 66:41:0313010:25004 | F99: НЕ ГОТОВ | G99: Из мелких бетонных блоков | H99: 61001006002 | I99: =IF(LEN(H99)=11,H99,IF(LEN(H99)=0,"61001005000","61001003000")) -> 61001006002 | J99: =IF(LEN(H99)=11,"Материал по ЕГРН",IF(LEN(H99)=0,"Прочие по допущению","Смешанные по допущению")) -> Материал по ЕГРН | K99: =VLOOKUP(J99,Лист2!A$2:B$4,2,FALSE) -> 792 | L99: =IF(I99=C99,"ГОТОВ","ГОТОВ_ИЗМЕНЕН") -> ГОТОВ_ИЗМЕНЕН | M99: =C99 -> 0
... A111: 945193 | B111: 66:66:0101026:232 | F111: НЕ ГОТОВ | G111: Из прочих материалов | H111: 61001005000 | I111: =IF(LEN(H111)=11,H111,IF(LEN(H111)=0,"61001005000","61001003000")) -> 61001005000 | J111: =IF(LEN(H111)=11,"Материал по ЕГРН",IF(LEN(H111)=0,"Прочие по допущению","Смешанные по допущению")) -> Материал по ЕГРН | K111: =VLOOKUP(J111,Лист2!A$2:B$4,2,FALSE) -> 792 | L111: =IF(I111=C111,"ГОТОВ","ГОТОВ_ИЗМЕНЕН") -> ГОТОВ_ИЗМЕНЕН | M111: =C111 -> 0
A112: 354050 | B112: 66:32:0407006:546 | C112: 61001006002 | D112: Сведения ЕГРН по состоянию на 01.01.2019 | E112: ГОТОВ | F112: НЕ ГОТОВ | G112: Из мелких бетонных блоков | H112: 61001006002 | I112: =IF(LEN(H112)=11,H112,IF(LEN(H112)=0,"61001005000","61001003000")) -> 61001006002 | J112: =IF(LEN(H112)=11,"Материал по ЕГРН",IF(LEN(H112)=0,"Прочие по допущению","Смешанные по допущению")) -> Материал по ЕГРН | K112: =VLOOKUP(J112,Лист2!A$2:B$4,2,FALSE) -> 792 | L112: =IF(I112=C112,"ГОТОВ","ГОТОВ_ИЗМЕНЕН") -> ГОТОВ | M112: =C112 -> 61001006002
A113: 540915 | B113: 66:52:0104018:619 | C113: 61001005000 | D113: Сведения ЕГРН по состоянию на 01.01.2019 | E113: ГОТОВ | F113: НЕ ГОТОВ | G113: Из прочих материалов | H113: 61001005000 | I113: =IF(LEN(H113)=11,H113,IF(LEN(H113)=0,"61001005000","61001003000")) -> 61001005000 | J113: =IF(LEN(H113)=11,"Материал по ЕГРН",IF(LEN(H113)=0,"Прочие по допущению","Смешанные по допущению")) -> Материал по ЕГРН | K113: =VLOOKUP(J113,Лист2!A$2:B$4,2,FALSE) -> 792 | L113: =IF(I113=C113,"ГОТОВ","ГОТОВ_ИЗМЕНЕН") -> ГОТОВ | M113: =C113 -> 61001005000
A114: 945196 | B114: 66:06:4501018:9936 | F114: НЕ ГОТОВ | G114: Бетонные | H114: 61001006000 | I114: =IF(LEN(H114)=11,H114,IF(LEN(H114)=0,"61001005000","61001003000")) -> 61001006000 | J114: =IF(LEN(H114)=11,"Материал по ЕГРН",IF(LEN(H114)=0,"Прочие по допущению","Смешанные по допущению")) -> Материал по ЕГРН | K114: =VLOOKUP(J114,Лист2!A$2:B$4,2,FALSE) -> 792 | L114: =IF(I114=C114,"ГОТОВ","ГОТОВ_ИЗМЕНЕН") -> ГОТОВ_ИЗМЕНЕН | M114: =C114 -> 0
A115: 945208 | B115: 66:21:0101022:748 | F115: НЕ ГОТОВ | G115: Металлические | H115: 61001009000 | I115: =IF(LEN(H115)=11,H115,IF(LEN(H115)=0,"61001005000","61001003000")) -> 61001009000 | J115: =IF(LEN(H115)=11,"Материал по ЕГРН",IF(LEN(H115)=0,"Прочие по допущению","Смешанные по допущению")) -> Материал по ЕГРН | K115: =VLOOKUP(J115,Лист2!A$2:B$4,2,FALSE) -> 792 | L115: =IF(I115=C115,"ГОТОВ","ГОТОВ_ИЗМЕНЕН") -> ГОТОВ_ИЗМЕНЕН | M115: =C115 -> 0
A116: 945220 | B116: 66:25:3401010:267 | F116: НЕ ГОТОВ | G116: Из мелких бетонных блоков | H116: 61001006002 | I116: =IF(LEN(H116)=11,H116,IF(LEN(H116)=0,"61001005000","61001003000")) -> 61001006002 | J116: =IF(LEN(H116)=11,"Материал по ЕГРН",IF(LEN(H116)=0,"Прочие по допущению","Смешанные по допущению")) -> Материал по ЕГРН | K116: =VLOOKUP(J116,Лист2!A$2:B$4,2,FALSE) -> 792 | L116: =IF(I116=C116,"ГОТОВ","ГОТОВ_ИЗМЕНЕН") -> ГОТОВ_ИЗМЕНЕН | M116: =C116 -> 0
A117: 945232 | B117: 66:36:0701013:363 | F117: НЕ ГОТОВ | G117: Каменные | H117: 61001001000 | I117: =IF(LEN(H117)=11,H117,IF(LEN(H117)=0,"61001005000","61001003000")) -> 61001001000 | J117: =IF(LEN(H117)=11,"Материал по ЕГРН",IF(LEN(H117)=0,"Прочие по допущению","Смешанные по допущению")) -> Материал по ЕГРН | K117: =VLOOKUP(J117,Лист2!A$2:B$4,2,FALSE) -> 792 | L117: =IF(I117=C117,"ГОТОВ","ГОТОВ_ИЗМЕНЕН") -> ГОТОВ_ИЗМЕНЕН | M117: =C117 -> 0
A118: 945244 | B118: 66:41:0307097:203 | F118: НЕ ГОТОВ | G118: Из прочих материалов | H118: 61001005000 | I118: =IF(LEN(H118)=11,H118,IF(LEN(H118)=0,"61001005000","61001003000")) -> 61001005000 | J118: =IF(LEN(H118)=11,"Материал по ЕГРН",IF(LEN(H118)=0,"Прочие по допущению","Смешанные по допущению")) -> Материал по ЕГРН | K118: =VLOOKUP(J118,Лист2!A$2:B$4,2,FALSE) -> 792 | L118: =IF(I118=C118,"ГОТОВ","ГОТОВ_ИЗМЕНЕН") -> ГОТОВ_ИЗМЕНЕН | M118: =C118 -> 0
A119: 945256 | B119: 66:41:0513032:5639 | F119: НЕ ГОТОВ | G119: Из прочих материалов | H119: 61001005000 | I119: =IF(LEN(H119)=11,H119,IF(LEN(H119)=0,"61001005000","61001003000")) -> 61001005000 | J119: =IF(LEN(H119)=11,"Материал по ЕГРН",IF(LEN(H119)=0,"Прочие по допущению","Смешанные по допущению")) -> Материал по ЕГРН | K119: =VLOOKUP(J119,Лист2!A$2:B$4,2,FALSE) -> 792 | L119: =IF(I119=C119,"ГОТОВ","ГОТОВ_ИЗМЕНЕН") -> ГОТОВ_ИЗМЕНЕН | M119: =C119 -> 0
A120: 945268 | B120: 66:47:0403001:1519 | F120: НЕ ГОТОВ | G120: Из прочих материалов | H120: 61001005000 | I120: =IF(LEN(H120)=11,H120,IF(LEN(H120)=0,"61001005000","61001003000")) -> 61001005000 | J120: =IF(LEN(H120)=11,"Материал по ЕГРН",IF(LEN(H120)=0,"Прочие по допущению","Смешанные по допущению")) -> Материал по ЕГРН | K120: =VLOOKUP(J120,Лист2!A$2:B$4,2,FALSE) -> 792 | L120: =IF(I120=C120,"ГОТОВ","ГОТОВ_ИЗМЕНЕН") -> ГОТОВ_ИЗМЕНЕН | M120: =C120 -> 0
A121: 945280 | B121: 66:58:0119005:448 | F121: НЕ ГОТОВ | G121: Из прочих материалов | H121: 61001005000 | I121: =IF(LEN(H121)=11,H121,IF(LEN(H121)=0,"61001005000","61001003000")) -> 61001005000 | J121: =IF(LEN(H121)=11,"Материал по ЕГРН",IF(LEN(H121)=0,"Прочие по допущению","Смешанные по допущению")) -> Материал по ЕГРН | K121: =VLOOKUP(J121,Лист2!A$2:B$4,2,FALSE) -> 792 | L121: =IF(I121=C121,"ГОТОВ","ГОТОВ_ИЗМЕНЕН") -> ГОТОВ_ИЗМЕНЕН | M121: =C121 -> 0
A122: 945292 | B122: 66:01:3701001:2193 | F122: НЕ ГОТОВ | G122: Кирпичные | H122: 61001001001 | I122: =IF(LEN(H122)=11,H122,IF(LEN(H122)=0,"61001005000","61001003000")) -> 61001001001 | J122: =IF(LEN(H122)=11,"Материал по ЕГРН",IF(LEN(H122)=0,"Прочие по допущению","Смешанные по допущению")) -> Материал по ЕГРН | K122: =VLOOKUP(J122,Лист2!A$2:B$4,2,FALSE) -> 792 | L122: =IF(I122=C122,"ГОТОВ","ГОТОВ_ИЗМЕНЕН") -> ГОТОВ_ИЗМЕНЕН | M122: =C122 -> 0
A123: 945304 | B123: 66:12:3001002:726 | F123: НЕ ГОТОВ | G123: Деревянные | H123: 61001002000 | I123: =IF(LEN(H123)=11,H123,IF(LEN(H123)=0,"61001005000","61001003000")) -> 61001002000 | J123: =IF(LEN(H123)=11,"Материал по ЕГРН",IF(LEN(H123)=0,"Прочие по допущению","Смешанные по допущению")) -> Материал по ЕГРН | K123: =VLOOKUP(J123,Лист2!A$2:B$4,2,FALSE) -> 792 | L123: =IF(I123=C123,"ГОТОВ","ГОТОВ_ИЗМЕНЕН") -> ГОТОВ_ИЗМЕНЕН | M123: =C123 -> 0
A124: 945316 | B124: 66:25:0104002:940 | F124: НЕ ГОТОВ | G124: Из прочих материалов | H124: 61001005000 | I124: =IF(LEN(H124)=11,H124,IF(LEN(H124)=0,"61001005000","61001003000")) -> 61001005000 | J124: =IF(LEN(H124)=11,"Материал по ЕГРН",IF(LEN(H124)=0,"Прочие по допущению","Смешанные по допущению")) -> Материал по ЕГРН | K124: =VLOOKUP(J124,Лист2!A$2:B$4,2,FALSE) -> 792 | L124: =IF(I124=C124,"ГОТОВ","ГОТОВ_ИЗМЕНЕН") -> ГОТОВ_ИЗМЕНЕН | M124: =C124 -> 0
A125: 945328 | B125: 66:32:0406017:602 | F125: НЕ ГОТОВ | G125: Деревянные | H125: 61001002000 | I125: =IF(LEN(H125)=11,H125,IF(LEN(H125)=0,"61001005000","61001003000")) -> 61001002000 | J125: =IF(LEN(H125)=11,"Материал по ЕГРН",IF(LEN(H125)=0,"Прочие по допущению","Смешанные по допущению")) -> Материал по ЕГРН | K125: =VLOOKUP(J125,Лист2!A$2:B$4,2,FALSE) -> 792 | L125: =IF(I125=C125,"ГОТОВ","ГОТОВ_ИЗМЕНЕН") -> ГОТОВ_ИЗМЕНЕН | M125: =C125 -> 0
... A132: 945412 | B132: 66:11:0109003:899 | F132: НЕ ГОТОВ | G132: Смешанные | H132: 61001003000 | I132: =IF(LEN(H132)=11,H132,IF(LEN(H132)=0,"61001005000","61001003000")) -> 61001003000 | J132: =IF(LEN(H132)=11,"Материал по ЕГРН",IF(LEN(H132)=0,"Прочие по допущению","Смешанные по допущению")) -> Материал по ЕГРН | K132: =VLOOKUP(J132,Лист2!A$2:B$4,2,FALSE) -> 792 | L132: =IF(I132=C132,"ГОТОВ","ГОТОВ_ИЗМЕНЕН") -> ГОТОВ_ИЗМЕНЕН | M132: =C132 -> 0
A133: 945424 | B133: 66:28:2901010:1756 | F133: НЕ ГОТОВ | I133: =IF(LEN(H133)=11,H133,IF(LEN(H133)=0,"61001005000","61001003000")) -> 61001005000 | J133: =IF(LEN(H133)=11,"Материал по ЕГРН",IF(LEN(H133)=0,"Прочие по допущению","Смешанные по допущению")) -> Прочие по допущению | K133: =VLOOKUP(J133,Лист2!A$2:B$4,2,FALSE) -> 794 | L133: =IF(I133=C133,"ГОТОВ","ГОТОВ_ИЗМЕНЕН") -> ГОТОВ_ИЗМЕНЕН | M133: =C133 -> 0
A134: 945436 | B134: 66:35:0221001:8283 | F134: НЕ ГОТОВ | G134: Из прочих материалов | H134: 61001005000 | I134: =IF(LEN(H134)=11,H134,IF(LEN(H134)=0,"61001005000","61001003000")) -> 61001005000 | J134: =IF(LEN(H134)=11,"Материал по ЕГРН",IF(LEN(H134)=0,"Прочие по допущению","Смешанные по допущению")) -> Материал по ЕГРН | K134: =VLOOKUP(J134,Лист2!A$2:B$4,2,FALSE) -> 792 | L134: =IF(I134=C134,"ГОТОВ","ГОТОВ_ИЗМЕНЕН") -> ГОТОВ_ИЗМЕНЕН | M134: =C134 -> 0
A135: 945448 | B135: 66:41:0710012:353 | F135: НЕ ГОТОВ | G135: Из мелких бетонных блоков | H135: 61001006002 | I135: =IF(LEN(H135)=11,H135,IF(LEN(H135)=0,"61001005000","61001003000")) -> 61001006002 | J135: =IF(LEN(H135)=11,"Материал по ЕГРН",IF(LEN(H135)=0,"Прочие по допущению","Смешанные по допущению")) -> Материал по ЕГРН | K135: =VLOOKUP(J135,Лист2!A$2:B$4,2,FALSE) -> 792 | L135: =IF(I135=C135,"ГОТОВ","ГОТОВ_ИЗМЕНЕН") -> ГОТОВ_ИЗМЕНЕН | M135: =C135 -> 0
A136: 945460 | B136: 66:53:0303004:960 | F136: НЕ ГОТОВ | G136: Смешанные | H136: 61001003000 | I136: =IF(LEN(H136)=11,H136,IF(LEN(H136)=0,"61001005000","61001003000")) -> 61001003000 | J136: =IF(LEN(H136)=11,"Материал по ЕГРН",IF(LEN(H136)=0,"Прочие по допущению","Смешанные по допущению")) -> Материал по ЕГРН | K136: =VLOOKUP(J136,Лист2!A$2:B$4,2,FALSE) -> 792 | L136: =IF(I136=C136,"ГОТОВ","ГОТОВ_ИЗМЕНЕН") -> ГОТОВ_ИЗМЕНЕН | M136: =C136 -> 0
A137: 945472 | B137: 66:59:0101019:12295 | F137: НЕ ГОТОВ | G137: Из прочих материалов | H137: 61001005000 | I137: =IF(LEN(H137)=11,H137,IF(LEN(H137)=0,"61001005000","61001003000")) -> 61001005000 | J137: =IF(LEN(H137)=11,"Материал по ЕГРН",IF(LEN(H137)=0,"Прочие по допущению","Смешанные по допущению")) -> Материал по ЕГРН | K137: =VLOOKUP(J137,Лист2!A$2:B$4,2,FALSE) -> 792 | L137: =IF(I137=C137,"ГОТОВ","ГОТОВ_ИЗМЕНЕН") -> ГОТОВ_ИЗМЕНЕН | M137: =C137 -> 0
...

Sheet Лист2
A1: SourcelocMaterial
A2: Материал по ЕГРН | B2: 792
A3: Смешанные по допущению | B3: 793
A4: Прочие по допущению | B4: 794
